delivery_id,pred_service_min,pred_late_prob
ORD0092308,8.03,0.0009
ORD0092309,7.63,0.0015
ORD0092310,12.06,0.001
ORD0092311,11.26,0.0073
ORD0092312,13.78,0.0063
ORD0092313,15.8,0.0419
ORD0092314,16.46,0.0008
ORD0092315,26.66,0.7898
ORD0092316,20.33,0.0019
ORD0092317,10.01,0.0007
ORD0092318,7.16,0.0005
ORD0092319,7.96,0.0024
ORD0092320,18.54,0.0008
ORD0092321,15.45,0.0005
ORD0092322,19.84,0.99
ORD0092323,13.96,0.0044
ORD0092324,12.3,0.3571
ORD0092325,8.87,0.0225
ORD0092326,15.44,0.0018
ORD0092327,18.26,0.9356
ORD0092328,18.63,0.3655
ORD0092329,12.67,0.0317
ORD0092330,10.91,0.0006
ORD0092331,10.76,0.3647
ORD0092332,21.53,0.0005
ORD0092333,14.33,0.0005
ORD0092334,10.13,0.0012
ORD0092335,12.6,0.0019
ORD0092336,10.71,0.0007
ORD0092337,16.49,0.0104
ORD0092338,16.48,0.0014
ORD0092339,13.76,0.2814
ORD0092340,12.77,0.003
ORD0092341,23.37,0.0007
ORD0092342,9.26,0.8524
ORD0092343,7.84,0.0112
ORD0092344,10.74,0.0381
ORD0092345,23.39,0.0022
ORD0092346,16.83,0.0007
ORD0092347,13.16,0.0005
ORD0092348,17.32,0.0138
ORD0092349,13.06,0.0013
ORD0092350,16.48,0.001
ORD0092351,15.16,0.0005
ORD0092352,11.19,0.5464
ORD0092353,8.09,0.002
ORD0092354,18.15,0.9585
ORD0092355,14.07,0.0085
ORD0092356,8.1,0.0025
ORD0092357,26.2,0.0011
ORD0092358,18.93,0.0013
ORD0092359,10.35,0.0017
ORD0092360,12.01,0.0008
ORD0092361,12.14,0.0048
ORD0092362,11.73,0.0024
ORD0092363,23.94,0.0006
ORD0092364,14.39,0.0183
ORD0092365,12.53,0.0027
ORD0092366,17.1,0.0009
ORD0092367,16.74,0.001
ORD0092368,13.82,0.0012
ORD0092369,18.78,0.0014
ORD0092370,18.2,0.4334
ORD0092371,20.02,0.6007
ORD0092372,14.07,0.7421
ORD0092373,13.12,0.1627
ORD0092374,10.51,0.3886
ORD0092375,11.98,0.9411
ORD0092376,10.92,0.8894
ORD0092377,9.03,0.0032
ORD0092378,15.5,0.0013
ORD0092379,10.89,0.0007
ORD0092380,8.18,0.0006
ORD0092381,9.72,0.0005
ORD0092382,10.04,0.0102
ORD0092383,8.62,0.0007
ORD0092384,6.22,0.1776
ORD0092385,6.49,0.0048
ORD0092386,11.61,0.7243
ORD0092387,10.11,0.0217
ORD0092388,10.29,0.963
ORD0092389,8.71,0.2042
ORD0092390,11.32,0.0021
ORD0092391,10.38,0.0009
ORD0092392,10.39,0.0008
ORD0092393,8.83,0.0029
ORD0092394,8.96,0.0015
ORD0092395,6.76,0.0008
ORD0092396,6.55,0.0009
ORD0092397,9.56,0.0108
ORD0092398,8.36,0.0793
ORD0092399,11.53,0.6444
ORD0092400,9.17,0.0042
ORD0092401,11.43,0.9643
ORD0092402,13.21,0.0012
ORD0092403,20.36,0.0007
ORD0092404,24.28,0.0073
ORD0092405,8.49,0.0022
ORD0092406,9.97,0.0669
ORD0092407,13.25,0.0082
ORD0092408,12.41,0.8947
ORD0092409,18.52,0.0009
ORD0092410,17.8,0.0014
ORD0092411,13.27,0.0013
ORD0092412,18.1,0.0022
ORD0092413,17.97,0.0035
ORD0092414,11.3,0.0003
ORD0092415,9.5,0.0007
ORD0092416,14.36,0.0231
ORD0092417,13.7,0.0005
ORD0092418,13.05,0.0011
ORD0092419,72.81,0.0011
ORD0092420,27.27,0.0012
ORD0092421,19.73,0.6702
ORD0092422,8.72,0.204
ORD0092423,7.36,0.1788
ORD0092424,13.51,0.9489
ORD0092425,19.46,0.9834
ORD0092426,12.26,0.3652
ORD0092427,13.21,0.4003
ORD0092428,10.86,0.188
ORD0092429,12.11,0.6463
ORD0092430,10.52,0.4721
ORD0092431,11.55,0.7559
ORD0092432,18.71,0.0548
ORD0092433,12.91,0.1794
ORD0092434,14.49,0.8457
ORD0092435,37.84,0.0845
ORD0092436,16.15,0.0017
ORD0092437,13.33,0.132
ORD0092438,12.17,0.005
ORD0092439,31.86,0.3077
ORD0092440,30.41,0.7293
ORD0092441,20.84,0.9294
ORD0092442,21.44,0.9795
ORD0092443,7.83,0.0005
ORD0092444,8.31,0.0339
ORD0092445,7.29,0.0008
ORD0092446,7.66,0.0397
ORD0092447,11.5,0.0008
ORD0092448,11.55,0.0014
ORD0092449,12.27,0.0029
ORD0092450,17.59,0.0057
ORD0092451,15.55,0.0019
ORD0092452,23.45,0.0471
ORD0092453,8.3,0.0005
ORD0092454,6.61,0.0026
ORD0092455,7.06,0.0012
ORD0092456,7.46,0.0013
ORD0092457,17.72,0.0009
ORD0092458,18.28,0.0004
ORD0092459,19.53,0.8059
ORD0092460,15.41,0.2954
ORD0092461,12.39,0.9899
ORD0092462,13.51,0.1694
ORD0092463,10.19,0.0015
ORD0092464,14.61,0.0091
ORD0092465,56.39,0.0029
ORD0092466,60.28,0.0011
ORD0092467,12.47,0.0006
ORD0092468,10.29,0.0468
ORD0092469,9.72,0.0012
ORD0092470,10.81,0.4194
ORD0092471,15.84,0.0004
ORD0092472,15.39,0.0004
ORD0092473,8.51,0.0014
ORD0092474,6.35,0.0012
ORD0092475,12.26,0.0033
ORD0092476,11.23,0.0014
ORD0092477,18.99,0.0267
ORD0092478,17.04,0.0037
ORD0092479,11.61,0.4665
ORD0092480,12.75,0.0879
ORD0092481,22.25,0.0005
ORD0092482,21.66,0.0006
ORD0092483,9.66,0.9011
ORD0092484,10.35,0.0004
ORD0092485,10.72,0.0004
ORD0092486,19.97,0.0015
ORD0092487,16.69,0.0014
ORD0092488,11.18,0.0006
ORD0092489,11.08,0.0006
ORD0092490,16.86,0.0027
ORD0092491,16.78,0.0028
ORD0092492,17.47,0.0005
ORD0092493,14.64,0.0006
ORD0092494,9.16,0.0197
ORD0092495,7.53,0.0255
ORD0092496,15.95,0.256
ORD0092497,17.42,0.3272
ORD0092498,7.16,0.0014
ORD0092499,6.87,0.0014
ORD0092500,11.62,0.0018
ORD0092501,11.12,0.0217
ORD0092502,11.41,0.0081
ORD0092503,11.85,0.1444
ORD0092504,22.08,0.0006
ORD0092505,19.31,0.0041
ORD0092506,12.59,0.0491
ORD0092507,14.76,0.001
ORD0092508,14.16,0.0025
ORD0092509,12.17,0.0306
ORD0092510,16.51,0.001
ORD0092511,16.84,0.0006
ORD0092512,10.99,0.0009
ORD0092513,12.01,0.0008
ORD0092514,13.98,0.0007
ORD0092515,9.81,0.0006
ORD0092516,9.65,0.0023
ORD0092517,7.98,0.0014
ORD0092518,8.57,0.0018
ORD0092519,10.36,0.0056
ORD0092520,13.01,0.0012
ORD0092521,11.76,0.0026
ORD0092522,10.07,0.0006
ORD0092523,12.3,0.0023
ORD0092524,8.05,0.0048
ORD0092525,8.92,0.1118
ORD0092526,7.21,0.001
ORD0092527,7.09,0.0178
ORD0092528,5.18,0.0061
ORD0092529,7.44,0.0057
ORD0092530,8.74,0.0858
ORD0092531,8.62,0.3261
ORD0092532,7.59,0.0592
ORD0092533,9.25,0.0013
ORD0092534,8.77,0.0007
ORD0092535,8.66,0.0019
ORD0092536,7.88,0.0004
ORD0092537,6.06,0.0007
ORD0092538,5.55,0.0004
ORD0092539,7.69,0.0087
ORD0092540,7.87,0.0004
ORD0092541,6.84,0.033
ORD0092542,6.58,0.0006
ORD0092543,10.15,0.2033
ORD0092544,7.87,0.0008
ORD0092545,7.9,0.0004
ORD0092546,11.62,0.0005
ORD0092547,10.73,0.0005
ORD0092548,16.35,0.0005
ORD0092549,19.21,0.0005
ORD0092550,6.39,0.0007
ORD0092551,7.53,0.0008
ORD0092552,9.9,0.001
ORD0092553,15.82,0.0007
ORD0092554,14.05,0.0012
ORD0092555,15.14,0.0005
ORD0092556,15.61,0.002
ORD0092557,14.22,0.0007
ORD0092558,10.81,0.0003
ORD0092559,7.87,0.0003
ORD0092560,11.01,0.0123
ORD0092561,15.39,0.0013
ORD0092562,11.86,0.0006
ORD0092563,14.12,0.1663
ORD0092564,11.34,0.1871
ORD0092565,7.88,0.0361
ORD0092566,6.3,0.057
ORD0092567,9.71,0.3157
ORD0092568,7.34,0.3011
ORD0092569,20.55,0.6865
ORD0092570,15.97,0.6254
ORD0092571,10.86,0.0573
ORD0092572,9.3,0.0825
ORD0092573,8.55,0.0851
ORD0092574,8.58,0.2559
ORD0092575,16.16,0.1569
ORD0092576,14.72,0.1452
ORD0092577,11.26,0.3611
ORD0092578,8.61,0.3265
ORD0092579,14.45,0.001
ORD0092580,10.06,0.0009
ORD0092581,12.85,0.0023
ORD0092582,33.25,0.0075
ORD0092583,16.05,0.2187
ORD0092584,8.19,0.001
ORD0092585,8.2,0.0018
ORD0092586,7.92,0.0016
ORD0092587,12.44,0.0013
ORD0092588,11.0,0.0044
ORD0092589,11.37,0.0005
ORD0092590,10.07,0.0017
ORD0092591,12.12,0.0013
ORD0092592,12.42,0.0008
ORD0092593,18.34,0.0028
ORD0092594,23.51,0.0142
ORD0092595,21.09,0.009
ORD0092596,9.83,0.0005
ORD0092597,8.19,0.0004
ORD0092598,16.87,0.0005
ORD0092599,18.78,0.4565
ORD0092600,11.92,0.0147
ORD0092601,12.96,0.9857
ORD0092602,11.1,0.9346
ORD0092603,12.16,0.001
ORD0092604,11.5,0.0007
ORD0092605,14.21,0.0007
ORD0092606,21.16,0.9881
ORD0092607,11.98,0.0006
ORD0092608,10.47,0.0004
ORD0092609,11.46,0.0009
ORD0092610,18.98,0.0004
ORD0092611,9.48,0.0007
ORD0092612,7.23,0.0005
ORD0092613,14.09,0.0011
ORD0092614,18.48,0.0019
ORD0092615,12.83,0.0144
ORD0092616,12.0,0.0013
ORD0092617,24.84,0.0005
ORD0092618,20.45,0.0003
ORD0092619,9.84,0.1958
ORD0092620,7.53,0.0015
ORD0092621,11.3,0.0006
ORD0092622,59.41,0.0023
ORD0092623,34.92,0.0821
ORD0092624,23.0,0.001
ORD0092625,17.94,0.0015
ORD0092626,16.89,0.0008
ORD0092627,13.91,0.0005
ORD0092628,12.02,0.0011
ORD0092629,17.53,0.0026
ORD0092630,14.9,0.0019
ORD0092631,14.54,0.0007
ORD0092632,10.11,0.0276
ORD0092633,15.76,0.4479
ORD0092634,8.2,0.0014
ORD0092635,55.3,0.0011
ORD0092636,9.9,0.0053
ORD0092637,12.83,0.0017
ORD0092638,12.37,0.0298
ORD0092639,11.22,0.008
ORD0092640,27.96,0.0006
ORD0092641,19.83,0.0006
ORD0092642,13.24,0.1556
ORD0092643,13.65,0.0243
ORD0092644,19.45,0.0014
ORD0092645,19.16,0.0011
ORD0092646,15.97,0.0038
ORD0092647,11.14,0.003
ORD0092648,18.74,0.0007
ORD0092649,9.86,0.0009
ORD0092650,13.62,0.0007
ORD0092651,10.58,0.0019
ORD0092652,9.06,0.0012
ORD0092653,14.51,0.1402
ORD0092654,12.03,0.0009
ORD0092655,11.84,0.0006
ORD0092656,9.05,0.0023
ORD0092657,7.65,0.0009
ORD0092658,9.07,0.0071
ORD0092659,7.41,0.0015
ORD0092660,7.1,0.0169
ORD0092661,8.05,0.0123
ORD0092662,10.42,0.1873
ORD0092663,9.41,0.7187
ORD0092664,7.92,0.0879
ORD0092665,10.55,0.0006
ORD0092666,9.89,0.0005
ORD0092667,10.21,0.0004
ORD0092668,8.97,0.0012
ORD0092669,6.85,0.0005
ORD0092670,8.34,0.0017
ORD0092671,8.2,0.0006
ORD0092672,7.84,0.0032
ORD0092673,7.75,0.0005
ORD0092674,10.2,0.0064
ORD0092675,9.09,0.001
ORD0092676,8.9,0.0005
ORD0092677,9.06,0.0004
ORD0092678,12.71,0.0006
ORD0092679,11.36,0.0007
ORD0092680,18.67,0.0005
ORD0092681,20.71,0.0008
ORD0092682,7.35,0.001
ORD0092683,13.71,0.0013
ORD0092684,10.06,0.0011
ORD0092685,32.26,0.001
ORD0092686,46.0,0.001
ORD0092687,17.23,0.001
ORD0092688,17.18,0.0055
ORD0092689,13.47,0.0029
ORD0092690,18.5,0.0935
ORD0092691,11.51,0.0006
ORD0092692,8.79,0.0008
ORD0092693,15.39,0.8496
ORD0092694,13.25,0.0361
ORD0092695,13.73,0.0009
ORD0092696,11.5,0.0027
ORD0092697,14.9,0.2376
ORD0092698,13.51,0.0256
ORD0092699,7.96,0.0511
ORD0092700,7.4,0.0097
ORD0092701,12.71,0.5489
ORD0092702,8.29,0.0825
ORD0092703,19.92,0.911
ORD0092704,16.28,0.2063
ORD0092705,13.2,0.164
ORD0092706,11.25,0.1521
ORD0092707,10.77,0.1453
ORD0092708,10.65,0.3173
ORD0092709,9.6,0.2697
ORD0092710,18.09,0.1149
ORD0092711,13.6,0.1625
ORD0092712,13.45,0.3394
ORD0092713,9.81,0.3126
ORD0092714,14.42,0.0023
ORD0092715,12.47,0.0114
ORD0092716,12.23,0.0082
ORD0092717,12.49,0.1042
ORD0092718,34.41,0.2888
ORD0092719,18.78,0.8824
ORD0092720,21.33,0.5654
ORD0092721,26.04,0.0011
ORD0092722,10.12,0.0099
ORD0092723,10.09,0.0005
ORD0092724,11.43,0.5189
ORD0092725,9.39,0.0008
ORD0092726,15.54,0.3014
ORD0092727,13.49,0.0006
ORD0092728,14.72,0.0006
ORD0092729,12.41,0.0102
ORD0092730,17.38,0.0017
ORD0092731,16.92,0.0018
ORD0092732,19.02,0.0063
ORD0092733,25.51,0.3025
ORD0092734,24.11,0.0898
ORD0092735,8.98,0.0005
ORD0092736,8.9,0.0005
ORD0092737,10.71,0.0005
ORD0092738,10.01,0.006
ORD0092739,22.82,0.0005
ORD0092740,19.83,0.0005
ORD0092741,19.88,0.9516
ORD0092742,18.76,0.9642
ORD0092743,15.56,0.9919
ORD0092744,17.15,0.0009
ORD0092745,12.75,0.001
ORD0092746,19.28,0.0023
ORD0092747,25.45,0.9947
ORD0092748,53.56,0.0032
ORD0092749,53.25,0.9807
ORD0092750,33.84,0.0017
ORD0092751,82.88,0.0015
ORD0092752,28.94,0.0011
ORD0092753,50.4,0.0011
ORD0092754,13.21,0.0005
ORD0092755,14.42,0.0012
ORD0092756,12.63,0.0008
ORD0092757,10.91,0.0046
ORD0092758,24.74,0.0005
ORD0092759,18.05,0.0008
ORD0092760,10.91,0.0012
ORD0092761,17.22,0.0023
ORD0092762,23.39,0.0387
ORD0092763,18.74,0.016
ORD0092764,16.31,0.6107
ORD0092765,23.32,0.0007
ORD0092766,11.02,0.0015
ORD0092767,14.15,0.4646
ORD0092768,13.68,0.0004
ORD0092769,14.57,0.0009
ORD0092770,25.68,0.0019
ORD0092771,16.54,0.0006
ORD0092772,13.54,0.0013
ORD0092773,24.87,0.0096
ORD0092774,21.26,0.0135
ORD0092775,18.6,0.0009
ORD0092776,17.78,0.0026
ORD0092777,14.83,0.3949
ORD0092778,23.42,0.9552
ORD0092779,20.47,0.6594
ORD0092780,9.92,0.0014
ORD0092781,8.24,0.0227
ORD0092782,13.91,0.0057
ORD0092783,15.89,0.0017
ORD0092784,14.47,0.0321
ORD0092785,13.66,0.0042
ORD0092786,27.54,0.0006
ORD0092787,24.09,0.0005
ORD0092788,16.83,0.212
ORD0092789,15.33,0.0103
ORD0092790,20.27,0.0011
ORD0092791,17.76,0.0008
ORD0092792,17.74,0.0027
ORD0092793,13.86,0.0013
ORD0092794,24.12,0.0396
ORD0092795,19.37,0.0023
ORD0092796,11.99,0.1467
ORD0092797,13.95,0.0043
ORD0092798,17.32,0.0082
ORD0092799,13.95,0.0018
ORD0092800,12.93,0.4894
ORD0092801,11.68,0.031
ORD0092802,10.74,0.0095
ORD0092803,11.18,0.0032
ORD0092804,16.5,0.0034
ORD0092805,17.0,0.0019
ORD0092806,13.31,0.0028
ORD0092807,17.96,0.0007
ORD0092808,9.22,0.0007
ORD0092809,15.07,0.1597
ORD0092810,8.0,0.0046
ORD0092811,7.52,0.1273
ORD0092812,11.92,0.0152
ORD0092813,13.2,0.6092
ORD0092814,10.38,0.0898
ORD0092815,11.55,0.0006
ORD0092816,11.39,0.0006
ORD0092817,10.83,0.0004
ORD0092818,10.7,0.0004
ORD0092819,9.87,0.001
ORD0092820,9.99,0.0005
ORD0092821,7.75,0.0004
ORD0092822,7.72,0.0004
ORD0092823,9.78,0.0019
ORD0092824,10.13,0.0011
ORD0092825,8.55,0.0048
ORD0092826,8.61,0.002
ORD0092827,10.9,0.0133
ORD0092828,9.78,0.0037
ORD0092829,9.91,0.0005
ORD0092830,14.13,0.0005
ORD0092831,14.42,0.0006
ORD0092832,22.97,0.0005
ORD0092833,9.51,0.0007
ORD0092834,13.32,0.0009
ORD0092835,12.94,0.0006
ORD0092836,23.41,0.0012
ORD0092837,59.58,0.0015
ORD0092838,42.54,0.0022
ORD0092839,31.43,0.0011
ORD0092840,52.75,0.0011
ORD0092841,37.41,0.0013
ORD0092842,19.93,0.001
ORD0092843,18.83,0.0006
ORD0092844,17.74,0.0016
ORD0092845,18.31,0.001
ORD0092846,18.32,0.0083
ORD0092847,12.41,0.0004
ORD0092848,16.17,0.2209
ORD0092849,15.44,0.0019
ORD0092850,14.46,0.0008
ORD0092851,20.03,0.2061
ORD0092852,8.79,0.0337
ORD0092853,14.31,0.4074
ORD0092854,10.16,0.0176
ORD0092855,24.86,0.814
ORD0092856,15.29,0.0557
ORD0092857,13.94,0.0586
ORD0092858,11.42,0.0133
ORD0092859,11.14,0.29
ORD0092860,12.74,0.1608
ORD0092861,14.68,0.5888
ORD0092862,13.46,0.7657
ORD0092863,20.21,0.0949
ORD0092864,13.94,0.21
ORD0092865,10.59,0.3708
ORD0092866,14.15,0.0022
ORD0092867,12.82,0.004
ORD0092868,14.51,0.0027
ORD0092869,39.23,0.0347
ORD0092870,36.83,0.0198
ORD0092871,21.14,0.5578
ORD0092872,21.18,0.4164
ORD0092873,11.02,0.2817
ORD0092874,10.3,0.0007
ORD0092875,12.41,0.9818
ORD0092876,9.2,0.0011
ORD0092877,17.34,0.9714
ORD0092878,13.93,0.0011
ORD0092879,12.94,0.0015
ORD0092880,12.23,0.0111
ORD0092881,17.93,0.0499
ORD0092882,15.28,0.001
ORD0092883,24.55,0.5042
ORD0092884,32.7,0.9753
ORD0092885,24.47,0.3683
ORD0092886,13.52,0.0018
ORD0092887,10.72,0.0008
ORD0092888,10.26,0.001
ORD0092889,10.29,0.0035
ORD0092890,21.57,0.001
ORD0092891,18.38,0.0194
ORD0092892,18.42,0.9952
ORD0092893,18.24,0.006
ORD0092894,13.72,0.0009
ORD0092895,23.03,0.4372
ORD0092896,53.23,0.0032
ORD0092897,46.38,0.0013
ORD0092898,16.74,0.0006
ORD0092899,11.77,0.0011
ORD0092900,15.37,0.0012
ORD0092901,24.96,0.0005
ORD0092902,9.69,0.0017
ORD0092903,9.45,0.0019
ORD0092904,16.17,0.0044
ORD0092905,16.16,0.0089
ORD0092906,23.31,0.1101
ORD0092907,24.92,0.2052
ORD0092908,17.76,0.0034
ORD0092909,31.42,0.0012
ORD0092910,32.37,0.0007
ORD0092911,13.99,0.9053
ORD0092912,17.83,0.0008
ORD0092913,16.88,0.0004
ORD0092914,36.37,0.0017
ORD0092915,16.94,0.0006
ORD0092916,18.88,0.0429
ORD0092917,19.62,0.0011
ORD0092918,18.08,0.0005
ORD0092919,15.93,0.7219
ORD0092920,9.43,0.0017
ORD0092921,21.67,0.9842
ORD0092922,10.5,0.002
ORD0092923,9.2,0.0012
ORD0092924,11.9,0.007
ORD0092925,17.05,0.0942
ORD0092926,28.16,0.001
ORD0092927,20.16,0.4523
ORD0092928,16.99,0.001
ORD0092929,20.71,0.0014
ORD0092930,19.28,0.0006
ORD0092931,16.99,0.0045
ORD0092932,56.31,0.0122
ORD0092933,46.0,0.0013
ORD0092934,22.54,0.0007
ORD0092935,15.07,0.001
ORD0092936,14.02,0.0005
ORD0092937,19.22,0.0007
ORD0092938,14.08,0.0021
ORD0092939,11.0,0.0007
ORD0092940,44.05,0.0017
ORD0092941,11.43,0.0009
ORD0092942,11.31,0.0031
ORD0092943,23.06,0.0008
ORD0092944,21.5,0.0015
ORD0092945,15.77,0.0008
ORD0092946,13.2,0.0007
ORD0092947,12.99,0.0031
ORD0092948,12.36,0.0131
ORD0092949,23.54,0.0017
ORD0092950,50.36,0.0018
ORD0092951,7.31,0.0215
ORD0092952,12.9,0.2179
ORD0092953,12.89,0.0882
ORD0092954,11.68,0.7241
ORD0092955,11.08,0.0004
ORD0092956,10.33,0.0006
ORD0092957,10.15,0.0007
ORD0092958,10.07,0.0004
ORD0092959,10.94,0.0004
ORD0092960,6.76,0.0004
ORD0092961,9.7,0.0004
ORD0092962,8.86,0.0005
ORD0092963,7.72,0.0007
ORD0092964,9.35,0.0008
ORD0092965,8.84,0.0014
ORD0092966,9.65,0.0007
ORD0092967,10.03,0.0004
ORD0092968,14.53,0.0006
ORD0092969,16.37,0.2075
ORD0092970,23.45,0.0005
ORD0092971,24.64,0.084
ORD0092972,8.67,0.0007
ORD0092973,10.19,0.9412
ORD0092974,14.73,0.0009
ORD0092975,18.3,0.0009
ORD0092976,17.87,0.0942
ORD0092977,15.88,0.0021
ORD0092978,19.7,0.0079
ORD0092979,16.96,0.7121
ORD0092980,11.93,0.0004
ORD0092981,19.14,0.3414
ORD0092982,15.91,0.0008
ORD0092983,15.63,0.0459
ORD0092984,20.72,0.4065
ORD0092985,14.52,0.5049
ORD0092986,9.84,0.0675
ORD0092987,13.37,0.765
ORD0092988,23.9,0.955
ORD0092989,19.94,0.8459
ORD0092990,11.39,0.1661
ORD0092991,10.92,0.091
ORD0092992,12.64,0.1954
ORD0092993,10.83,0.3096
ORD0092994,22.28,0.1405
ORD0092995,15.49,0.2175
ORD0092996,14.84,0.3558
ORD0092997,18.96,0.0021
ORD0092998,11.95,0.0011
ORD0092999,15.45,0.0094
ORD0093000,15.92,0.0013
ORD0093001,35.91,0.41
ORD0093002,31.01,0.0085
ORD0093003,23.66,0.9604
ORD0093004,24.04,0.2104
ORD0093005,8.93,0.0006
ORD0093006,8.76,0.0016
ORD0093007,8.52,0.0008
ORD0093008,13.19,0.0014
ORD0093009,12.3,0.0007
ORD0093010,13.29,0.0477
ORD0093011,8.78,0.0005
ORD0093012,14.95,0.0009
ORD0093013,13.46,0.0008
ORD0093014,21.99,0.0023
ORD0093015,15.43,0.0052
ORD0093016,25.29,0.0046
ORD0093017,17.81,0.0402
ORD0093018,10.61,0.0005
ORD0093019,9.8,0.0059
ORD0093021,19.57,0.0021
ORD0093023,19.46,0.2886
ORD0093024,14.64,0.8269
ORD0093025,7.8,0.0012
ORD0093026,15.48,0.0006
ORD0093027,12.44,0.0007
ORD0093028,23.31,0.9864
ORD0093030,13.66,0.0006
ORD0093031,12.19,0.0009
ORD0093032,10.11,0.0008
ORD0093033,17.89,0.0009
ORD0093034,16.58,0.0007
ORD0093035,8.33,0.0066
ORD0093036,8.48,0.0015
ORD0093037,11.62,0.0016
ORD0093038,12.9,0.0027
ORD0093039,21.0,0.0631
ORD0093040,18.33,0.8281
ORD0093041,17.79,0.0014
ORD0093042,27.64,0.0014
ORD0093043,31.83,0.0007
ORD0093044,11.52,0.986
ORD0093045,10.94,0.0026
ORD0093046,12.38,0.0004
ORD0093047,13.68,0.0005
ORD0093048,83.69,0.0013
ORD0093049,52.95,0.0014
ORD0093050,27.13,0.0028
ORD0093051,22.43,0.001
ORD0093052,15.73,0.0007
ORD0093053,12.68,0.0006
ORD0093054,23.9,0.061
ORD0093055,17.23,0.0012
ORD0093056,13.76,0.841
ORD0093057,8.56,0.0023
ORD0093058,18.51,0.9893
ORD0093059,16.35,0.0067
ORD0093060,8.48,0.0027
ORD0093061,8.44,0.0011
ORD0093062,11.31,0.0062
ORD0093063,14.42,0.0344
ORD0093064,22.6,0.0006
ORD0093065,22.72,0.0263
ORD0093066,17.92,0.3352
ORD0093067,20.58,0.0012
ORD0093068,17.01,0.0045
ORD0093069,15.88,0.5138
ORD0093070,24.56,0.0257
ORD0093071,21.46,0.0016
ORD0093072,12.73,0.1398
ORD0093073,14.64,0.0018
ORD0093074,15.15,0.0077
ORD0093075,11.74,0.0009
ORD0093076,14.38,0.6067
ORD0093077,10.61,0.0007
ORD0093078,9.68,0.0016
ORD0093079,17.08,0.0006
ORD0093080,20.16,0.0009
ORD0093081,12.67,0.0007
ORD0093082,8.59,0.0019
ORD0093083,8.71,0.0038
ORD0093084,11.17,0.0044
ORD0093085,9.2,0.0559
ORD0093086,25.39,0.0021
ORD0093087,8.29,0.007
ORD0093088,12.81,0.0505
ORD0093089,13.87,0.1631
ORD0093090,9.83,0.4795
ORD0093091,10.82,0.7495
ORD0093092,11.5,0.0011
ORD0093093,10.58,0.0014
ORD0093094,10.69,0.0008
ORD0093095,10.44,0.0005
ORD0093096,10.99,0.0017
ORD0093097,8.88,0.0039
ORD0093098,6.48,0.0005
ORD0093099,6.61,0.0008
ORD0093100,9.77,0.0104
ORD0093101,8.4,0.2347
ORD0093102,8.21,0.0756
ORD0093103,12.2,0.7772
ORD0093104,9.83,0.0008
ORD0093105,9.76,0.0008
ORD0093106,14.8,0.0032
ORD0093107,22.47,0.002
ORD0093108,8.86,0.058
ORD0093109,9.49,0.0005
ORD0093110,16.22,0.6631
ORD0093111,11.45,0.0004
ORD0093112,20.13,0.0008
ORD0093113,19.07,0.0009
ORD0093114,16.92,0.0014
ORD0093115,17.39,0.0014
ORD0093116,20.37,0.0025
ORD0093117,18.38,0.0026
ORD0093118,10.47,0.0003
ORD0093119,8.65,0.0004
ORD0093120,15.54,0.0387
ORD0093121,19.85,0.0375
ORD0093122,14.13,0.0005
ORD0093123,16.94,0.0005
ORD0093124,24.86,0.0013
ORD0093125,16.4,0.1551
ORD0093126,13.71,0.372
ORD0093127,8.55,0.0192
ORD0093128,7.58,0.0445
ORD0093129,14.09,0.5336
ORD0093130,10.09,0.6414
ORD0093131,24.65,0.8372
ORD0093132,14.91,0.0618
ORD0093133,13.86,0.0779
ORD0093134,25.6,0.0282
ORD0093135,12.75,0.4012
ORD0093136,11.31,0.367
ORD0093137,12.28,0.6796
ORD0093138,22.38,0.1552
ORD0093139,16.61,0.248
ORD0093140,16.98,0.3792
ORD0093141,16.09,0.0065
ORD0093142,13.66,0.0667
ORD0093143,13.61,0.0007
ORD0093144,47.46,0.9134
ORD0093145,31.02,0.0009
ORD0093146,22.91,0.9914
ORD0093147,8.31,0.0005
ORD0093148,8.82,0.0008
ORD0093149,12.68,0.001
ORD0093150,13.59,0.0012
ORD0093151,14.51,0.0028
ORD0093152,19.72,0.0163
ORD0093153,20.88,0.0017
ORD0093154,22.56,0.7765
ORD0093155,20.04,0.7459
ORD0093156,8.71,0.001
ORD0093157,10.33,0.0006
ORD0093158,8.01,0.001
ORD0093159,18.51,0.0008
ORD0093160,21.71,0.0009
ORD0093161,19.25,0.9849
ORD0093162,17.38,0.0257
ORD0093163,12.14,0.0068
ORD0093164,15.62,0.8024
ORD0093165,14.94,0.0015
ORD0093166,16.79,0.0938
ORD0093167,20.87,0.9909
ORD0093168,13.49,0.0477
ORD0093169,12.4,0.0008
ORD0093170,12.6,0.6256
ORD0093171,18.84,0.0004
ORD0093172,17.83,0.0009
ORD0093173,10.41,0.001
ORD0093174,12.26,0.0013
ORD0093175,12.01,0.0011
ORD0093176,18.45,0.0027
ORD0093177,16.49,0.0045
ORD0093178,12.33,0.049
ORD0093179,14.52,0.0748
ORD0093180,27.55,0.0005
ORD0093181,10.27,0.4372
ORD0093182,11.47,0.6145
ORD0093183,11.49,0.0424
ORD0093184,24.67,0.003
ORD0093185,17.11,0.001
ORD0093186,12.88,0.0008
ORD0093187,21.9,0.0413
ORD0093188,17.21,0.0016
ORD0093189,17.92,0.0012
ORD0093190,15.17,0.0009
ORD0093191,14.12,0.7342
ORD0093192,8.16,0.0233
ORD0093193,19.26,0.987
ORD0093194,17.96,0.4013
ORD0093195,7.47,0.0035
ORD0093196,21.78,0.0011
ORD0093197,21.86,0.0013
ORD0093198,11.23,0.0054
ORD0093199,10.87,0.003
ORD0093200,12.41,0.0688
ORD0093201,11.37,0.024
ORD0093202,24.15,0.0011
ORD0093203,13.58,0.3006
ORD0093204,16.52,0.1109
ORD0093205,17.18,0.0018
ORD0093206,15.36,0.0053
ORD0093207,13.72,0.0103
ORD0093208,18.61,0.0011
ORD0093209,17.65,0.0902
ORD0093210,11.2,0.0013
ORD0093211,15.55,0.0008
ORD0093212,10.57,0.023
ORD0093213,8.66,0.0022
ORD0093214,11.25,0.2336
ORD0093215,11.56,0.2419
ORD0093216,19.55,0.0157
ORD0093217,14.71,0.9225
ORD0093218,11.29,0.8027
ORD0093219,8.77,0.8707
ORD0093220,13.48,0.9787
ORD0093221,10.43,0.9783
ORD0093222,8.27,0.0064
ORD0093223,5.99,0.0131
ORD0093224,11.84,0.0115
ORD0093225,11.09,0.0972
ORD0093226,8.38,0.1154
ORD0093227,9.29,0.5671
ORD0093228,10.51,0.0005
ORD0093229,10.28,0.1277
ORD0093230,10.39,0.0004
ORD0093231,8.98,0.0004
ORD0093232,9.35,0.0005
ORD0093233,6.56,0.0004
ORD0093234,6.48,0.0004
ORD0093235,9.63,0.0007
ORD0093236,7.77,0.0007
ORD0093237,10.23,0.0011
ORD0093238,8.97,0.0007
ORD0093239,9.41,0.0004
ORD0093240,12.79,0.0007
ORD0093241,23.33,0.0005
ORD0093242,21.01,0.002
ORD0093243,8.84,0.0011
ORD0093244,8.46,0.0033
ORD0093245,11.34,0.0014
ORD0093246,10.09,0.0173
ORD0093247,18.06,0.0011
ORD0093248,17.51,0.0008
ORD0093249,16.81,0.0014
ORD0093250,20.68,0.0102
ORD0093251,19.27,0.0018
ORD0093252,11.11,0.0004
ORD0093253,8.82,0.0004
ORD0093254,16.57,0.3617
ORD0093255,14.06,0.0009
ORD0093256,12.23,0.0008
ORD0093257,66.07,0.0011
ORD0093258,19.47,0.2131
ORD0093259,9.99,0.0316
ORD0093260,7.07,0.1329
ORD0093261,11.89,0.4356
ORD0093262,20.45,0.8527
ORD0093263,11.71,0.0499
ORD0093264,11.76,0.2084
ORD0093265,11.17,0.5429
ORD0093266,12.13,0.566
ORD0093267,12.77,0.8086
ORD0093268,10.86,0.3481
ORD0093269,16.89,0.4599
ORD0093270,15.6,0.6271
ORD0093271,10.93,0.7967
ORD0093272,40.91,0.1222
ORD0093273,17.17,0.0021
ORD0093274,13.94,0.0053
ORD0093275,14.77,0.0038
ORD0093276,40.82,0.1606
ORD0093277,36.43,0.0393
ORD0093278,23.0,0.9506
ORD0093279,24.79,0.7631
ORD0093280,7.73,0.0008
ORD0093281,8.83,0.4498
ORD0093282,7.86,0.001
ORD0093283,9.06,0.4797
ORD0093284,11.73,0.0009
ORD0093285,10.5,0.0011
ORD0093286,11.71,0.0012
ORD0093287,16.42,0.0026
ORD0093288,20.0,0.0017
ORD0093289,18.93,0.0072
ORD0093290,9.56,0.0004
ORD0093291,6.11,0.0005
ORD0093292,7.09,0.0009
ORD0093293,12.14,0.0008
ORD0093294,18.55,0.0005
ORD0093295,20.54,0.0023
ORD0093296,15.85,0.3408
ORD0093297,10.29,0.0008
ORD0093298,9.24,0.0047
ORD0093299,7.45,0.0021
ORD0093300,12.68,0.0008
ORD0093301,16.02,0.0522
ORD0093302,52.09,0.0012
ORD0093303,11.45,0.0007
ORD0093304,10.28,0.0006
ORD0093305,10.55,0.0007
ORD0093306,8.48,0.0013
ORD0093307,16.56,0.0005
ORD0093308,13.34,0.0004
ORD0093309,7.7,0.0015
ORD0093310,6.89,0.0012
ORD0093311,11.95,0.0027
ORD0093312,10.09,0.0025
ORD0093313,15.69,0.0112
ORD0093314,17.69,0.0112
ORD0093315,14.36,0.2857
ORD0093316,13.33,0.2333
ORD0093317,30.49,0.0009
ORD0093318,22.57,0.0006
ORD0093319,9.95,0.8497
ORD0093320,11.22,0.0007
ORD0093321,11.0,0.0004
ORD0093322,24.53,0.0014
ORD0093323,16.86,0.0019
ORD0093324,10.66,0.0006
ORD0093325,10.92,0.0007
ORD0093326,19.39,0.0028
ORD0093327,15.66,0.013
ORD0093328,15.15,0.0005
ORD0093329,13.56,0.001
ORD0093330,9.12,0.0262
ORD0093331,9.02,0.2288
ORD0093332,14.9,0.4
ORD0093333,14.77,0.7944
ORD0093334,6.83,0.0012
ORD0093335,7.59,0.0025
ORD0093336,10.8,0.0012
ORD0093337,11.19,0.0988
ORD0093338,11.82,0.0019
ORD0093339,11.96,0.3195
ORD0093340,27.59,0.0006
ORD0093341,20.81,0.0062
ORD0093342,12.42,0.0051
ORD0093343,16.24,0.0008
ORD0093344,13.38,0.0012
ORD0093345,13.1,0.0818
ORD0093346,15.81,0.0028
ORD0093347,16.76,0.0009
ORD0093348,12.76,0.0067
ORD0093349,11.24,0.001
ORD0093350,10.7,0.0022
ORD0093351,9.49,0.0007
ORD0093352,11.11,0.0501
ORD0093353,8.96,0.0022
ORD0093354,20.6,0.0015
ORD0093355,9.11,0.0023
ORD0093356,10.2,0.0018
ORD0093357,13.84,0.7416
ORD0093358,13.7,0.0011
ORD0093359,9.82,0.0024
ORD0093360,10.38,0.0006
ORD0093361,7.5,0.0087
ORD0093362,7.56,0.1302
ORD0093363,10.33,0.0891
ORD0093364,7.48,0.0042
ORD0093365,5.65,0.0682
ORD0093366,6.18,0.1288
ORD0093367,11.23,0.3682
ORD0093368,9.62,0.9106
ORD0093369,8.93,0.5668
ORD0093370,9.72,0.0007
ORD0093371,8.79,0.0004
ORD0093372,8.26,0.0014
ORD0093373,8.15,0.0005
ORD0093374,5.61,0.0006
ORD0093375,5.98,0.0004
ORD0093376,7.68,0.0018
ORD0093377,7.44,0.0005
ORD0093378,6.34,0.0051
ORD0093379,6.41,0.0008
ORD0093380,8.38,0.0088
ORD0093381,7.65,0.0005
ORD0093382,7.77,0.0004
ORD0093383,10.59,0.0008
ORD0093384,10.64,0.0006
ORD0093385,19.38,0.0008
ORD0093386,18.79,0.0005
ORD0093387,7.41,0.0011
ORD0093388,6.9,0.0011
ORD0093389,10.16,0.0019
ORD0093390,16.15,0.0007
ORD0093391,14.39,0.0013
ORD0093392,14.43,0.0006
ORD0093393,14.07,0.003
ORD0093394,14.0,0.0008
ORD0093395,9.82,0.0004
ORD0093396,7.34,0.0004
ORD0093397,12.91,0.0318
ORD0093398,13.32,0.0016
ORD0093399,11.84,0.0007
ORD0093400,12.81,0.0474
ORD0093401,12.77,0.0799
ORD0093402,6.57,0.0122
ORD0093403,6.1,0.0113
ORD0093404,9.14,0.1385
ORD0093405,6.81,0.2271
ORD0093406,16.98,0.3745
ORD0093407,13.92,0.3463
ORD0093408,9.83,0.0199
ORD0093409,8.41,0.0404
ORD0093410,9.21,0.3075
ORD0093411,10.46,0.551
ORD0093412,15.98,0.0867
ORD0093413,13.39,0.6414
ORD0093414,10.06,0.1995
ORD0093415,9.44,0.8873
ORD0093416,13.48,0.0006
ORD0093417,9.89,0.0007
ORD0093418,9.4,0.0008
ORD0093419,30.85,0.0018
ORD0093420,13.96,0.0039
ORD0093421,11.48,0.0005
ORD0093422,11.55,0.0005
ORD0093423,10.54,0.0006
ORD0093424,16.22,0.0005
ORD0093425,14.93,0.0005
ORD0093426,17.14,0.0012
ORD0093427,13.58,0.0029
ORD0093428,19.34,0.001
ORD0093429,16.78,0.0007
ORD0093430,24.13,0.0037
ORD0093431,33.22,0.0737
ORD0093432,24.84,0.0032
ORD0093433,12.39,0.0005
ORD0093434,11.57,0.0009
ORD0093435,27.78,0.0005
ORD0093436,20.96,0.0073
ORD0093437,19.44,0.0619
ORD0093438,22.03,0.9603
ORD0093439,17.28,0.6743
ORD0093440,21.42,0.0009
ORD0093441,17.3,0.0004
ORD0093442,23.78,0.2006
ORD0093443,26.93,0.9768
ORD0093444,17.27,0.0007
ORD0093445,16.23,0.0004
ORD0093446,14.53,0.0012
ORD0093447,22.56,0.0007
ORD0093448,13.62,0.0008
ORD0093449,11.03,0.0008
ORD0093450,15.13,0.0033
ORD0093451,24.54,0.0014
ORD0093452,16.57,0.011
ORD0093453,18.35,0.0016
ORD0093454,37.06,0.0005
ORD0093455,36.71,0.0004
ORD0093456,13.37,0.1651
ORD0093457,11.31,0.0021
ORD0093458,17.53,0.0003
ORD0093459,88.68,0.0016
ORD0093460,61.54,0.0026
ORD0093461,27.21,0.001
ORD0093462,34.07,0.0022
ORD0093463,25.69,0.0042
ORD0093464,17.89,0.0005
ORD0093465,15.27,0.0034
ORD0093466,26.48,0.0181
ORD0093467,26.91,0.1568
ORD0093468,21.03,0.0008
ORD0093469,17.79,0.6862
ORD0093470,21.35,0.9834
ORD0093471,10.64,0.0014
ORD0093472,66.82,0.0012
ORD0093473,19.02,0.9798
ORD0093474,22.71,0.7965
ORD0093475,20.22,0.9902
ORD0093476,19.8,0.9729
ORD0093477,41.18,0.0079
ORD0093478,27.78,0.0037
ORD0093479,20.93,0.9944
ORD0093480,20.88,0.9871
ORD0093481,27.67,0.5549
ORD0093482,29.8,0.0459
ORD0093483,20.44,0.9671
ORD0093484,17.75,0.7089
ORD0093485,26.18,0.001
ORD0093486,15.79,0.0016
ORD0093487,18.2,0.0007
ORD0093488,14.45,0.0048
ORD0093489,12.25,0.0023
ORD0093490,17.82,0.0935
ORD0093491,17.26,0.0023
ORD0093492,16.26,0.0008
ORD0093493,14.64,0.0182
ORD0093494,10.08,0.0012
ORD0093495,14.4,0.4025
ORD0093496,11.84,0.0032
ORD0093497,11.55,0.0704
ORD0093498,9.39,0.2158
ORD0093499,17.71,0.5486
ORD0093500,13.68,0.9404
ORD0093501,13.16,0.6567
ORD0093502,13.87,0.0004
ORD0093503,13.3,0.0012
ORD0093504,13.27,0.0022
ORD0093505,11.39,0.0004
ORD0093506,9.12,0.0004
ORD0093507,12.48,0.0004
ORD0093508,11.67,0.0021
ORD0093509,10.48,0.0006
ORD0093510,11.05,0.012
ORD0093511,13.15,0.0008
ORD0093512,13.41,0.1683
ORD0093513,11.99,0.0044
ORD0093514,12.58,0.0007
ORD0093515,17.65,0.0006
ORD0093516,22.22,0.9446
ORD0093517,28.55,0.0005
ORD0093518,30.4,0.8531
ORD0093519,10.51,0.0009
ORD0093520,15.31,0.0009
ORD0093521,17.86,0.9892
ORD0093522,40.86,0.0012
ORD0093523,105.52,0.4755
ORD0093524,66.97,0.0009
ORD0093525,24.45,0.0007
ORD0093526,23.14,0.0015
ORD0093527,20.02,0.0008
ORD0093528,23.68,0.0076
ORD0093529,13.9,0.0003
ORD0093530,12.63,0.0003
ORD0093531,19.72,0.3008
ORD0093532,16.76,0.0013
ORD0093533,16.13,0.0006
ORD0093534,20.13,0.0005
ORD0093535,20.97,0.0938
ORD0093536,18.36,0.0222
ORD0093537,11.19,0.0096
ORD0093538,10.04,0.0106
ORD0093539,15.15,0.2609
ORD0093540,11.64,0.0883
ORD0093541,24.17,0.6054
ORD0093542,21.83,0.2332
ORD0093543,16.01,0.0316
ORD0093544,13.34,0.1479
ORD0093545,18.24,0.9329
ORD0093546,13.75,0.3245
ORD0093547,13.77,0.078
ORD0093548,24.5,0.3793
ORD0093549,25.64,0.7683
ORD0093550,18.98,0.5891
ORD0093551,12.75,0.2805
ORD0093552,22.28,0.001
ORD0093553,16.81,0.0005
ORD0093554,15.06,0.0016
ORD0093555,16.59,0.0009
ORD0093556,64.64,0.0217
ORD0093557,24.58,0.9245
ORD0093558,25.83,0.0013
ORD0093559,46.19,0.0012
ORD0093560,11.14,0.0005
ORD0093561,11.5,0.0093
ORD0093562,11.21,0.0007
ORD0093563,12.86,0.6442
ORD0093564,15.75,0.0006
ORD0093565,15.99,0.313
ORD0093566,13.77,0.0121
ORD0093567,13.77,0.0009
ORD0093568,19.16,0.0009
ORD0093569,14.56,0.0014
ORD0093570,24.46,0.0016
ORD0093571,22.26,0.0215
ORD0093572,27.74,0.0089
ORD0093573,12.99,0.0005
ORD0093574,10.62,0.0005
ORD0093575,12.17,0.0033
ORD0093576,10.86,0.0042
ORD0093577,25.06,0.0018
ORD0093578,21.21,0.0006
ORD0093579,23.64,0.6676
ORD0093580,24.95,0.6931
ORD0093581,16.13,0.7088
ORD0093582,17.43,0.0006
ORD0093583,14.0,0.001
ORD0093584,28.48,0.9824
ORD0093585,29.37,0.9884
ORD0093586,69.56,0.0078
ORD0093587,82.16,0.1364
ORD0093588,35.84,0.0028
ORD0093589,76.92,0.0018
ORD0093590,30.89,0.0011
ORD0093591,58.66,0.001
ORD0093592,15.85,0.0014
ORD0093593,14.08,0.0022
ORD0093594,16.53,0.0032
ORD0093595,14.0,0.0054
ORD0093596,26.0,0.0018
ORD0093597,22.36,0.0005
ORD0093598,12.54,0.0156
ORD0093599,18.83,0.1486
ORD0093600,23.94,0.3506
ORD0093601,27.54,0.0189
ORD0093602,19.52,0.9453
ORD0093603,39.17,0.0056
ORD0093604,20.24,0.9896
ORD0093605,14.53,0.4474
ORD0093606,16.11,0.001
ORD0093607,16.85,0.0013
ORD0093608,30.02,0.0423
ORD0093609,18.55,0.0012
ORD0093610,14.25,0.0006
ORD0093611,33.47,0.7827
ORD0093612,24.66,0.0015
ORD0093613,20.87,0.0023
ORD0093614,20.87,0.0006
ORD0093615,19.11,0.9884
ORD0093616,24.71,0.9961
ORD0093617,20.69,0.0075
ORD0093618,10.96,0.0417
ORD0093619,9.97,0.0012
ORD0093620,15.3,0.0031
ORD0093621,17.24,0.0028
ORD0093622,17.73,0.0194
ORD0093623,16.95,0.0149
ORD0093624,31.1,0.0005
ORD0093625,30.28,0.0005
ORD0093626,21.51,0.1325
ORD0093627,18.44,0.0753
ORD0093628,25.1,0.0013
ORD0093629,22.44,0.0013
ORD0093630,19.25,0.0028
ORD0093631,16.57,0.0026
ORD0093632,24.72,0.335
ORD0093633,22.91,0.0669
ORD0093634,19.05,0.7351
ORD0093635,18.81,0.3234
ORD0093636,17.6,0.0521
ORD0093637,16.76,0.013
ORD0093638,19.3,0.9537
ORD0093639,16.29,0.718
ORD0093640,11.25,0.0102
ORD0093641,13.02,0.0074
ORD0093642,17.56,0.0006
ORD0093643,18.44,0.0022
ORD0093644,16.81,0.0064
ORD0093645,18.79,0.0016
ORD0093646,11.85,0.2224
ORD0093647,18.11,0.8714
ORD0093648,11.88,0.0191
ORD0093649,10.27,0.0067
ORD0093650,12.78,0.1562
ORD0093651,14.37,0.0144
ORD0093652,13.04,0.6303
ORD0093653,13.01,0.0009
ORD0093654,12.63,0.0006
ORD0093655,12.61,0.0006
ORD0093656,12.65,0.0004
ORD0093657,11.53,0.0004
ORD0093658,11.21,0.0006
ORD0093659,9.04,0.0004
ORD0093660,8.91,0.0004
ORD0093661,11.47,0.0004
ORD0093662,10.74,0.0013
ORD0093663,10.44,0.0006
ORD0093664,9.82,0.0021
ORD0093665,11.71,0.0008
ORD0093666,11.08,0.0049
ORD0093667,11.75,0.0006
ORD0093668,19.45,0.0007
ORD0093669,16.67,0.0009
ORD0093670,31.47,0.0005
ORD0093671,10.18,0.001
ORD0093672,15.42,0.001
ORD0093673,14.31,0.0012
ORD0093674,24.73,0.0011
ORD0093675,66.85,0.0025
ORD0093676,43.36,0.0021
ORD0093677,32.74,0.0012
ORD0093678,67.29,0.0012
ORD0093679,38.73,0.0013
ORD0093680,55.38,0.0012
ORD0093681,24.02,0.0011
ORD0093682,21.47,0.0006
ORD0093683,26.78,0.0072
ORD0093684,25.15,0.0007
ORD0093685,27.62,0.2457
ORD0093686,17.72,0.0005
ORD0093687,21.92,0.9728
ORD0093688,18.66,0.001
ORD0093689,17.95,0.0008
ORD0093690,26.32,0.7446
ORD0093691,10.31,0.2215
ORD0093692,15.21,0.9774
ORD0093693,11.9,0.2261
ORD0093694,28.85,0.9826
ORD0093695,21.32,0.4446
ORD0093696,19.29,0.4188
ORD0093697,14.69,0.0523
ORD0093698,13.15,0.1902
ORD0093699,15.83,0.888
ORD0093700,15.95,0.4557
ORD0093701,12.73,0.2504
ORD0093702,23.9,0.4579
ORD0093703,20.07,0.8712
ORD0093704,16.22,0.966
ORD0093705,19.98,0.0005
ORD0093706,16.4,0.0008
ORD0093707,16.67,0.0004
ORD0093708,51.56,0.0017
ORD0093709,46.4,0.0006
ORD0093710,29.14,0.042
ORD0093711,30.17,0.0015
ORD0093712,11.32,0.0005
ORD0093713,10.95,0.0005
ORD0093714,10.63,0.0007
ORD0093715,10.61,0.0011
ORD0093716,15.68,0.0006
ORD0093717,15.86,0.0009
ORD0093718,15.81,0.0032
ORD0093719,13.37,0.0392
ORD0093720,21.25,0.0006
ORD0093721,20.71,0.0012
ORD0093722,28.46,0.0012
ORD0093723,31.58,0.0025
ORD0093724,29.36,0.7064
ORD0093725,13.1,0.0005
ORD0093726,10.91,0.0006
ORD0093727,13.85,0.0012
ORD0093728,12.87,0.0089
ORD0093729,30.23,0.0009
ORD0093730,24.74,0.0654
ORD0093731,17.45,0.8757
ORD0093732,22.52,0.0005
ORD0093733,19.0,0.001
ORD0093734,29.09,0.9896
ORD0093735,105.67,0.0024
ORD0093736,58.07,0.0027
ORD0093737,104.44,0.0011
ORD0093738,18.19,0.0007
ORD0093739,14.36,0.0015
ORD0093740,12.51,0.0011
ORD0093741,27.71,0.0004
ORD0093742,12.84,0.0036
ORD0093743,11.13,0.0016
ORD0093744,17.04,0.0478
ORD0093745,18.56,0.0047
ORD0093746,29.74,0.0005
ORD0093747,24.85,0.1308
ORD0093748,22.81,0.001
ORD0093749,47.87,0.0004
ORD0093750,44.45,0.0005
ORD0093751,15.13,0.5196
ORD0093752,18.51,0.0006
ORD0093753,17.02,0.0004
ORD0093754,112.22,0.001
ORD0093755,66.34,0.0011
ORD0093756,39.52,0.0035
ORD0093757,20.22,0.0006
ORD0093758,24.88,0.3604
ORD0093759,21.96,0.0011
ORD0093760,24.21,0.0027
ORD0093761,17.44,0.9696
ORD0093762,10.76,0.082
ORD0093763,23.48,0.9582
ORD0093764,11.4,0.003
ORD0093765,11.49,0.0654
ORD0093766,19.33,0.0071
ORD0093767,19.34,0.2098
ORD0093768,30.59,0.0006
ORD0093769,21.46,0.7775
ORD0093770,20.16,0.001
ORD0093771,23.74,0.0013
ORD0093772,27.02,0.0007
ORD0093773,19.43,0.0071
ORD0093774,57.69,0.0069
ORD0093775,45.06,0.0016
ORD0093776,26.0,0.0011
ORD0093777,18.74,0.0015
ORD0093778,18.28,0.0006
ORD0093779,20.65,0.0007
ORD0093780,16.08,0.0054
ORD0093781,13.79,0.0007
ORD0093782,49.78,0.0015
ORD0093783,14.01,0.001
ORD0093784,14.28,0.0052
ORD0093785,24.75,0.0008
ORD0093786,18.34,0.002
ORD0093787,15.68,0.0008
ORD0093788,16.83,0.0009
ORD0093789,10.98,0.0043
ORD0093790,16.6,0.0134
ORD0093791,28.84,0.0017
ORD0093792,44.22,0.0018
ORD0093793,29.25,0.0018
ORD0093794,10.36,0.005
ORD0093795,15.88,0.0154
ORD0093796,18.93,0.9238
ORD0093797,11.91,0.1438
ORD0093798,12.73,0.0004
ORD0093799,11.95,0.0009
ORD0093800,11.58,0.0222
ORD0093801,11.72,0.0007
ORD0093802,11.35,0.0004
ORD0093803,8.46,0.0679
ORD0093804,13.54,0.9155
ORD0093805,10.16,0.0013
ORD0093806,10.52,0.0004
ORD0093807,11.13,0.0004
ORD0093808,10.11,0.005
ORD0093809,13.19,0.5777
ORD0093810,11.04,0.0006
ORD0093811,16.17,0.0015
ORD0093812,17.13,0.0006
ORD0093813,27.84,0.0013
ORD0093814,28.65,0.0005
ORD0093815,11.19,0.0173
ORD0093816,11.9,0.0009
ORD0093817,19.75,0.3437
ORD0093818,22.69,0.001
ORD0093819,20.19,0.0007
ORD0093820,22.67,0.0026
ORD0093821,25.69,0.0119
ORD0093822,19.18,0.0014
ORD0093823,16.18,0.0004
ORD0093824,20.46,0.5801
ORD0093825,17.74,0.0007
ORD0093826,19.19,0.0005
ORD0093827,18.57,0.1863
ORD0093828,16.52,0.0102
ORD0093829,11.03,0.0168
ORD0093830,13.63,0.4746
ORD0093831,26.77,0.8383
ORD0093832,19.58,0.0154
ORD0093833,18.18,0.0508
ORD0093834,12.63,0.0365
ORD0093835,13.4,0.0761
ORD0093836,13.27,0.1924
ORD0093837,22.55,0.6484
ORD0093838,18.83,0.0798
ORD0093839,17.27,0.9067
ORD0093840,84.9,0.075
ORD0093841,20.58,0.0007
ORD0093842,14.4,0.0023
ORD0093843,14.69,0.0011
ORD0093844,15.01,0.0073
ORD0093845,63.52,0.0048
ORD0093846,46.95,0.4604
ORD0093847,24.26,0.6834
ORD0093848,26.87,0.9758
ORD0093849,14.22,0.821
ORD0093850,15.11,0.9922
ORD0093851,13.35,0.7945
ORD0093852,22.3,0.9873
ORD0093853,18.45,0.3904
ORD0093854,16.6,0.0022
ORD0093855,14.85,0.0007
ORD0093856,20.18,0.0009
ORD0093857,18.17,0.0008
ORD0093858,29.22,0.0011
ORD0093859,27.07,0.007
ORD0093860,38.2,0.0028
ORD0093861,27.04,0.1146
ORD0093862,13.56,0.0005
ORD0093863,13.33,0.0013
ORD0093864,13.65,0.0013
ORD0093865,30.92,0.001
ORD0093866,24.57,0.0006
ORD0093867,26.29,0.4192
ORD0093868,18.7,0.0649
ORD0093869,15.68,0.0014
ORD0093870,25.47,0.0005
ORD0093871,17.42,0.0005
ORD0093872,26.15,0.8569
ORD0093873,34.24,0.9598
ORD0093874,20.6,0.0009
ORD0093875,16.08,0.0015
ORD0093876,14.23,0.0008
ORD0093877,26.16,0.0004
ORD0093878,24.78,0.0005
ORD0093879,12.85,0.006
ORD0093880,13.24,0.001
ORD0093881,20.23,0.0019
ORD0093882,18.6,0.0016
ORD0093883,30.07,0.0076
ORD0093884,28.82,0.6174
ORD0093885,19.77,0.0507
ORD0093886,41.74,0.0011
ORD0093887,35.43,0.0019
ORD0093888,13.62,0.0589
ORD0093889,16.91,0.6323
ORD0093890,16.23,0.0006
ORD0093891,19.71,0.0011
ORD0093892,104.11,0.0013
ORD0093893,29.95,0.0113
ORD0093894,30.09,0.0017
ORD0093895,17.97,0.0007
ORD0093896,17.76,0.0006
ORD0093897,30.46,0.5618
ORD0093898,21.71,0.0013
ORD0093899,17.53,0.9871
ORD0093900,13.42,0.0185
ORD0093901,27.83,0.9946
ORD0093902,21.98,0.2765
ORD0093903,12.3,0.0079
ORD0093904,10.67,0.0012
ORD0093905,22.05,0.5914
ORD0093906,25.93,0.9529
ORD0093907,38.18,0.0012
ORD0093908,32.61,0.0005
ORD0093909,26.0,0.9886
ORD0093910,31.06,0.0263
ORD0093911,22.1,0.5951
ORD0093912,20.4,0.0019
ORD0093913,28.65,0.0752
ORD0093914,27.9,0.0017
ORD0093915,21.08,0.4156
ORD0093916,17.37,0.0031
ORD0093917,21.43,0.0131
ORD0093918,16.84,0.0009
ORD0093919,23.18,0.8704
ORD0093920,13.66,0.0011
ORD0093921,14.45,0.0028
ORD0093922,28.6,0.0008
ORD0093923,23.16,0.0022
ORD0093924,18.56,0.0006
ORD0093925,13.74,0.0024
ORD0093926,13.93,0.0629
ORD0093927,15.63,0.0118
ORD0093928,17.47,0.7224
ORD0093929,40.7,0.0021
ORD0093930,14.62,0.1784
ORD0093931,23.01,0.7001
ORD0093932,17.54,0.0171
ORD0093933,15.87,0.9595
ORD0093934,13.02,0.2496
ORD0093935,15.25,0.001
ORD0093936,14.83,0.0301
ORD0093937,14.07,0.0007
ORD0093938,13.88,0.0009
ORD0093939,13.07,0.0012
ORD0093940,13.83,0.587
ORD0093941,10.42,0.0008
ORD0093942,10.31,0.0015
ORD0093943,12.69,0.0052
ORD0093944,12.07,0.2125
ORD0093945,14.33,0.9683
ORD0093946,14.85,0.8467
ORD0093947,12.67,0.0008
ORD0093948,13.4,0.0037
ORD0093949,21.32,0.3316
ORD0093950,31.84,0.0303
ORD0093951,14.07,0.9578
ORD0093952,13.92,0.0045
ORD0093953,21.99,0.9903
ORD0093954,16.64,0.037
ORD0093955,26.73,0.0014
ORD0093956,24.63,0.0016
ORD0093957,23.9,0.0033
ORD0093958,30.11,0.0619
ORD0093959,27.76,0.0476
ORD0093960,34.8,0.7975
ORD0093961,17.65,0.0004
ORD0093962,12.63,0.0007
ORD0093963,23.24,0.8187
ORD0093964,26.51,0.9899
ORD0093965,24.11,0.0005
ORD0093966,22.56,0.001
ORD0093967,35.89,0.0013
ORD0093968,23.24,0.2944
ORD0093969,21.01,0.4584
ORD0093970,12.79,0.0146
ORD0093971,10.85,0.054
ORD0093972,17.71,0.6397
ORD0093973,17.85,0.8054
ORD0093974,37.29,0.9128
ORD0093975,20.14,0.0657
ORD0093976,16.23,0.1544
ORD0093977,34.37,0.0314
ORD0093978,15.99,0.1101
ORD0093979,17.62,0.9236
ORD0093980,15.99,0.3267
ORD0093981,30.37,0.1131
ORD0093982,27.74,0.7064
ORD0093983,18.12,0.356
ORD0093984,21.74,0.0006
ORD0093985,18.87,0.0011
ORD0093986,17.39,0.0006
ORD0093987,56.24,0.0042
ORD0093988,37.86,0.0006
ORD0093989,28.39,0.5418
ORD0093990,10.41,0.0005
ORD0093991,9.98,0.0007
ORD0093992,15.49,0.0006
ORD0093993,13.88,0.0009
ORD0093994,15.91,0.0005
ORD0093995,26.21,0.2366
ORD0093996,20.18,0.0008
ORD0093997,32.18,0.9625
ORD0093998,23.93,0.0014
ORD0093999,14.22,0.0015
ORD0094000,9.38,0.0005
ORD0094001,10.73,0.0007
ORD0094002,30.73,0.0018
ORD0094003,22.14,0.0006
ORD0094004,20.0,0.0035
ORD0094005,18.47,0.0171
ORD0094006,17.82,0.9936
ORD0094007,14.76,0.5509
ORD0094008,23.97,0.0556
ORD0094009,23.68,0.0806
ORD0094010,24.74,0.9726
ORD0094011,15.71,0.001
ORD0094012,13.82,0.0013
ORD0094013,12.41,0.0021
ORD0094014,23.16,0.0005
ORD0094015,21.68,0.0013
ORD0094016,11.76,0.0021
ORD0094017,14.51,0.0093
ORD0094018,15.06,0.0075
ORD0094019,21.92,0.018
ORD0094020,21.05,0.2104
ORD0094021,19.57,0.4547
ORD0094022,23.94,0.9233
ORD0094023,30.23,0.0008
ORD0094024,15.13,0.9728
ORD0094025,13.7,0.9877
ORD0094026,14.19,0.0009
ORD0094027,30.03,0.9916
ORD0094028,25.13,0.9843
ORD0094029,19.91,0.2553
ORD0094030,25.32,0.9948
ORD0094031,25.95,0.9936
ORD0094032,23.92,0.9728
ORD0094033,24.47,0.9591
ORD0094034,15.3,0.9961
ORD0094035,13.83,0.9955
ORD0094036,23.29,0.9972
ORD0094037,24.33,0.9964
ORD0094038,14.73,0.9929
ORD0094039,36.47,0.0019
ORD0094040,36.32,0.0021
ORD0094041,15.21,0.0377
ORD0094042,19.73,0.0982
ORD0094043,15.82,0.3631
ORD0094044,16.94,0.6073
ORD0094045,29.37,0.0014
ORD0094046,19.93,0.8328
ORD0094047,19.74,0.9138
ORD0094048,29.76,0.0049
ORD0094049,19.75,0.1236
ORD0094050,16.11,0.0974
ORD0094051,22.93,0.0016
ORD0094052,23.25,0.0015
ORD0094053,14.23,0.003
ORD0094054,14.86,0.001
ORD0094055,13.99,0.001
ORD0094056,15.18,0.0066
ORD0094057,12.97,0.0033
ORD0094058,11.36,0.0098
ORD0094059,19.51,0.0009
ORD0094060,15.78,0.0049
ORD0094061,12.69,0.1449
ORD0094062,11.37,0.0422
ORD0094063,17.01,0.7407
ORD0094064,10.88,0.545
ORD0094065,9.84,0.7623
ORD0094066,12.4,0.8554
ORD0094067,14.91,0.9806
ORD0094068,17.57,0.9804
ORD0094069,13.73,0.9895
ORD0094070,12.43,0.9884
ORD0094071,13.59,0.0014
ORD0094072,12.94,0.0005
ORD0094073,13.16,0.0006
ORD0094074,12.42,0.0035
ORD0094075,12.42,0.001
ORD0094076,8.8,0.0009
ORD0094077,8.8,0.0007
ORD0094078,11.92,0.0727
ORD0094079,11.08,0.6885
ORD0094080,15.01,0.964
ORD0094081,11.16,0.0023
ORD0094082,11.48,0.0005
ORD0094083,17.11,0.0008
ORD0094084,30.32,0.0005
ORD0094085,30.55,0.0245
ORD0094086,10.78,0.0014
ORD0094087,12.93,0.5206
ORD0094088,16.63,0.0036
ORD0094089,15.86,0.9788
ORD0094090,22.56,0.0009
ORD0094091,23.77,0.001
ORD0094092,22.67,0.0033
ORD0094093,21.08,0.0461
ORD0094094,21.33,0.0034
ORD0094095,15.05,0.0004
ORD0094096,12.88,0.0004
ORD0094097,22.88,0.8393
ORD0094098,15.74,0.0006
ORD0094099,17.92,0.0006
ORD0094100,96.99,0.0012
ORD0094101,24.06,0.4567
ORD0094102,10.76,0.0827
ORD0094103,10.46,0.323
ORD0094104,17.55,0.7836
ORD0094105,28.52,0.981
ORD0094106,21.69,0.197
ORD0094107,19.83,0.7012
ORD0094108,16.77,0.5398
ORD0094109,12.75,0.1162
ORD0094110,19.55,0.8666
ORD0094111,14.71,0.8091
ORD0094112,27.2,0.663
ORD0094113,21.34,0.875
ORD0094114,13.61,0.3073
ORD0094115,89.85,0.166
ORD0094116,21.79,0.5281
ORD0094117,17.4,0.0048
ORD0094118,20.35,0.9702
ORD0094119,56.07,0.9946
ORD0094120,47.86,0.0876
ORD0094121,28.41,0.9968
ORD0094122,30.33,0.9685
ORD0094123,9.09,0.0007
ORD0094124,8.8,0.0008
ORD0094125,8.92,0.0011
ORD0094126,8.2,0.0006
ORD0094127,12.55,0.0009
ORD0094128,12.46,0.0005
ORD0094129,14.74,0.0071
ORD0094130,16.7,0.0441
ORD0094132,38.88,0.7741
ORD0094133,8.67,0.0012
ORD0094134,8.45,0.0008
ORD0094135,8.56,0.0006
ORD0094137,18.56,0.0005
ORD0094139,23.49,0.9933
ORD0094141,12.17,0.0016
ORD0094143,15.27,0.0021
ORD0094144,16.43,0.0029
ORD0094145,61.53,0.0031
ORD0094146,57.13,0.0012
ORD0094147,40.54,0.0012
ORD0094148,15.32,0.0126
ORD0094149,11.91,0.0059
ORD0094150,11.48,0.0576
ORD0094151,12.43,0.8432
ORD0094152,18.94,0.0009
ORD0094153,18.3,0.002
ORD0094154,11.47,0.2718
ORD0094155,11.74,0.992
ORD0094156,13.48,0.5419
ORD0094157,17.81,0.9956
ORD0094158,21.42,0.8392
ORD0094159,26.48,0.9958
ORD0094160,16.75,0.9903
ORD0094161,17.79,0.9955
ORD0094162,21.37,0.002
ORD0094163,28.89,0.9752
ORD0094164,12.75,0.9942
ORD0094165,13.53,0.0012
ORD0094166,14.2,0.0095
ORD0094167,25.39,0.0045
ORD0094168,20.52,0.0027
ORD0094169,14.58,0.0007
ORD0094170,11.78,0.0008
ORD0094171,25.42,0.0325
ORD0094172,17.49,0.0129
ORD0094173,15.69,0.0014
ORD0094174,17.38,0.0012
ORD0094175,14.65,0.773
ORD0094176,10.38,0.21
ORD0094177,18.56,0.9889
ORD0094178,18.27,0.8704
ORD0094179,8.07,0.0052
ORD0094180,8.09,0.0025
ORD0094181,54.37,0.0012
ORD0094182,12.6,0.9715
ORD0094183,16.55,0.5588
ORD0094184,17.26,0.9869
ORD0094185,15.32,0.9472
ORD0094186,27.79,0.0272
ORD0094187,23.51,0.0545
ORD0094188,17.4,0.9939
ORD0094189,20.97,0.5787
ORD0094190,18.74,0.9555
ORD0094191,17.56,0.4684
ORD0094192,19.11,0.0029
ORD0094193,19.58,0.0568
ORD0094194,13.32,0.0039
ORD0094195,12.32,0.1765
ORD0094196,14.87,0.0021
ORD0094197,11.18,0.0157
ORD0094198,11.21,0.0141
ORD0094199,13.25,0.5831
ORD0094200,9.81,0.0145
ORD0094201,8.67,0.0146
ORD0094202,16.05,0.0053
ORD0094203,16.22,0.0048
ORD0094204,13.01,0.0036
ORD0094205,10.69,0.0025
ORD0094206,8.25,0.0009
ORD0094207,9.24,0.2292
ORD0094208,11.09,0.2984
ORD0094209,11.14,0.4125
ORD0094210,8.54,0.6124
ORD0094211,8.67,0.5732
ORD0094212,13.83,0.9647
ORD0094213,10.79,0.9883
ORD0094214,10.73,0.953
ORD0094215,10.9,0.0099
ORD0094216,9.92,0.0012
ORD0094217,11.44,0.2657
ORD0094218,9.29,0.0012
ORD0094219,6.77,0.0017
ORD0094220,6.37,0.0007
ORD0094221,10.84,0.9567
ORD0094222,9.33,0.0012
ORD0094223,9.34,0.9877
ORD0094224,7.51,0.0026
ORD0094225,11.54,0.9939
ORD0094226,9.35,0.0025
ORD0094227,9.02,0.0008
ORD0094228,12.59,0.0018
ORD0094229,13.16,0.0019
ORD0094230,22.7,0.0014
ORD0094231,24.32,0.0015
ORD0094232,8.09,0.004
ORD0094233,11.77,0.0061
ORD0094234,14.17,0.153
ORD0094235,17.82,0.0007
ORD0094236,15.34,0.0014
ORD0094237,15.71,0.0007
ORD0094238,20.78,0.0032
ORD0094239,16.68,0.0012
ORD0094240,14.88,0.0004
ORD0094241,9.12,0.0004
ORD0094242,14.12,0.0295
ORD0094243,16.78,0.0023
ORD0094244,13.26,0.0005
ORD0094245,15.79,0.2318
ORD0094246,14.32,0.2269
ORD0094247,8.21,0.0403
ORD0094248,8.17,0.0229
ORD0094249,10.41,0.4085
ORD0094250,8.88,0.4005
ORD0094251,21.73,0.8032
ORD0094252,22.2,0.8315
ORD0094253,12.93,0.0773
ORD0094254,10.69,0.0818
ORD0094255,10.67,0.0925
ORD0094256,10.92,0.1407
ORD0094257,22.28,0.6482
ORD0094258,12.91,0.3353
ORD0094259,16.18,0.9331
ORD0094260,11.98,0.7164
ORD0094261,15.08,0.001
ORD0094262,11.91,0.001
ORD0094263,11.69,0.0018
ORD0094264,42.05,0.0076
ORD0094265,16.97,0.1583
ORD0094266,11.88,0.9328
ORD0094267,11.27,0.8056
ORD0094268,10.9,0.995
ORD0094269,17.71,0.9906
ORD0094270,16.4,0.9843
ORD0094271,12.65,0.0027
ORD0094272,11.52,0.001
ORD0094273,16.33,0.0085
ORD0094275,20.74,0.0938
ORD0094276,29.29,0.9828
ORD0094278,12.14,0.0008
ORD0094279,12.61,0.8137
ORD0094280,23.15,0.0013
ORD0094281,21.41,0.995
ORD0094282,13.91,0.0027
ORD0094283,16.56,0.9697
ORD0094284,10.29,0.0114
ORD0094285,14.17,0.0022
ORD0094286,14.88,0.0008
ORD0094287,23.53,0.9928
ORD0094289,14.35,0.9841
ORD0094290,12.57,0.0568
ORD0094291,14.41,0.9949
ORD0094292,18.97,0.0008
ORD0094293,10.81,0.0065
ORD0094294,10.98,0.9846
ORD0094295,20.33,0.3635
ORD0094296,21.9,0.9792
ORD0094297,20.28,0.9942
ORD0094298,19.01,0.9943
ORD0094299,24.28,0.0017
ORD0094300,30.12,0.3223
ORD0094301,14.47,0.9951
ORD0094302,12.58,0.997
ORD0094303,14.31,0.9474
ORD0094304,100.02,0.5465
ORD0094305,48.82,0.0399
ORD0094306,26.48,0.0012
ORD0094307,23.53,0.0024
ORD0094308,20.69,0.0023
ORD0094309,14.34,0.0008
ORD0094310,12.93,0.002
ORD0094311,21.67,0.0085
ORD0094312,18.87,0.0068
ORD0094313,17.34,0.0007
ORD0094314,11.25,0.3649
ORD0094315,18.25,0.9528
ORD0094316,9.78,0.0025
ORD0094317,76.05,0.0011
ORD0094318,14.13,0.0267
ORD0094319,12.49,0.0039
ORD0094320,15.86,0.1749
ORD0094321,13.34,0.0135
ORD0094322,25.41,0.0021
ORD0094323,25.48,0.0008
ORD0094324,16.96,0.6123
ORD0094325,15.27,0.0504
ORD0094326,26.14,0.0053
ORD0094327,19.88,0.0023
ORD0094328,13.77,0.0239
ORD0094329,14.95,0.0055
ORD0094330,24.0,0.003
ORD0094331,11.12,0.006
ORD0094332,18.73,0.0024
ORD0094333,12.6,0.0331
ORD0094334,9.57,0.0048
ORD0094335,17.9,0.0018
ORD0094336,12.27,0.0012
ORD0094337,13.65,0.0046
ORD0094338,10.45,0.0485
ORD0094339,9.54,0.0049
ORD0094340,9.95,0.0041
ORD0094341,8.69,0.0306
ORD0094342,10.48,0.3452
ORD0094343,9.9,0.8761
ORD0094344,14.38,0.9084
ORD0094345,12.1,0.987
ORD0094346,12.35,0.9869
ORD0094347,12.01,0.0007
ORD0094348,11.11,0.0004
ORD0094349,12.01,0.0005
ORD0094350,10.55,0.0009
ORD0094351,7.18,0.0005
ORD0094352,10.18,0.0018
ORD0094353,10.31,0.0005
ORD0094354,8.76,0.0045
ORD0094355,8.37,0.0007
ORD0094356,11.4,0.0137
ORD0094357,10.22,0.0014
ORD0094358,10.08,0.0005
ORD0094359,10.56,0.0004
ORD0094360,15.58,0.0006
ORD0094361,14.22,0.0013
ORD0094362,24.14,0.0005
ORD0094363,22.59,0.001
ORD0094364,9.43,0.001
ORD0094365,15.12,0.0017
ORD0094366,14.56,0.0036
ORD0094367,99.14,0.2084
ORD0094368,55.47,0.0013
ORD0094369,21.57,0.0024
ORD0094370,18.45,0.0444
ORD0094371,19.56,0.0014
ORD0094372,25.61,0.6967
ORD0094373,14.88,0.0007
ORD0094374,10.41,0.0004
ORD0094375,19.12,0.9852
ORD0094376,18.65,0.0023
ORD0094377,13.23,0.0014
ORD0094378,16.05,0.0008
ORD0094379,19.08,0.2424
ORD0094380,14.48,0.0376
ORD0094381,9.39,0.0726
ORD0094382,7.57,0.0195
ORD0094383,14.13,0.589
ORD0094384,9.37,0.2231
ORD0094385,24.92,0.907
ORD0094386,18.64,0.2977
ORD0094387,12.72,0.1157
ORD0094388,11.58,0.0971
ORD0094389,11.98,0.1606
ORD0094390,12.82,0.2888
ORD0094391,11.65,0.2988
ORD0094392,24.94,0.1243
ORD0094393,15.1,0.243
ORD0094394,13.37,0.2001
ORD0094395,10.14,0.3396
ORD0094396,18.16,0.0023
ORD0094397,13.25,0.0463
ORD0094398,15.09,0.0096
ORD0094399,13.77,0.3619
ORD0094400,49.79,0.5872
ORD0094401,23.63,0.9801
ORD0094402,24.8,0.9008
ORD0094403,34.03,0.0012
ORD0094404,11.58,0.0005
ORD0094405,12.45,0.2008
ORD0094406,10.77,0.001
ORD0094407,13.08,0.9799
ORD0094408,16.61,0.001
ORD0094409,18.41,0.9481
ORD0094410,15.16,0.0006
ORD0094411,13.93,0.0008
ORD0094412,17.01,0.093
ORD0094413,20.49,0.0287
ORD0094414,23.37,0.5553
ORD0094415,21.12,0.5312
ORD0094416,37.61,0.9824
ORD0094417,13.25,0.0008
ORD0094418,10.2,0.0011
ORD0094419,11.97,0.0004
ORD0094421,23.28,0.0009
ORD0094423,27.63,0.996
ORD0094425,13.95,0.0008
ORD0094426,22.82,0.0046
ORD0094427,14.22,0.001
ORD0094428,19.74,0.0015
ORD0094430,77.07,0.0093
ORD0094431,66.42,0.0112
ORD0094432,53.62,0.0024
ORD0094433,99.01,0.0024
ORD0094434,35.37,0.0012
ORD0094435,59.15,0.0011
ORD0094436,16.09,0.0007
ORD0094437,14.46,0.001
ORD0094438,14.58,0.0014
ORD0094439,14.79,0.002
ORD0094440,21.95,0.0006
ORD0094441,20.73,0.0005
ORD0094442,9.61,0.0029
ORD0094443,16.97,0.0757
ORD0094444,28.7,0.8142
ORD0094445,24.82,0.0085
ORD0094446,23.43,0.989
ORD0094447,39.03,0.0023
ORD0094448,15.01,0.9944
ORD0094449,17.66,0.2923
ORD0094450,14.81,0.0013
ORD0094451,13.74,0.0008
ORD0094452,32.81,0.5033
ORD0094453,17.81,0.0026
ORD0094454,16.19,0.0026
ORD0094455,33.21,0.9829
ORD0094456,25.64,0.7011
ORD0094457,22.29,0.006
ORD0094458,22.06,0.0095
ORD0094459,18.05,0.9948
ORD0094460,24.38,0.9967
ORD0094461,23.96,0.9879
ORD0094462,11.87,0.3603
ORD0094463,13.25,0.4338
ORD0094464,19.23,0.7594
ORD0094465,21.32,0.9629
ORD0094466,21.14,0.9709
ORD0094467,19.95,0.9861
ORD0094468,30.47,0.0065
ORD0094469,28.34,0.0159
ORD0094470,21.7,0.9887
ORD0094471,21.59,0.9924
ORD0094472,21.82,0.0784
ORD0094473,21.68,0.4813
ORD0094474,24.56,0.6615
ORD0094475,19.66,0.925
ORD0094476,24.73,0.0092
ORD0094477,23.24,0.002
ORD0094478,15.45,0.0508
ORD0094479,16.38,0.0031
ORD0094480,19.65,0.0039
ORD0094481,14.85,0.0011
ORD0094482,15.89,0.4057
ORD0094483,13.19,0.0101
ORD0094484,11.88,0.0016
ORD0094485,16.73,0.9479
ORD0094486,20.99,0.0008
ORD0094487,22.69,0.6476
ORD0094488,17.23,0.238
ORD0094489,15.4,0.2131
ORD0094490,10.95,0.0036
ORD0094491,14.89,0.0122
ORD0094492,8.43,0.006
ORD0094493,8.28,0.0186
ORD0094494,15.03,0.0923
ORD0094495,15.41,0.1572
ORD0094496,13.81,0.505
ORD0094497,13.72,0.0007
ORD0094498,12.65,0.0011
ORD0094499,13.81,0.4138
ORD0094500,12.61,0.0006
ORD0094501,11.86,0.0007
ORD0094502,11.16,0.0019
ORD0094503,9.19,0.0004
ORD0094504,8.81,0.0009
ORD0094505,10.96,0.0011
ORD0094506,11.41,0.0057
ORD0094507,9.84,0.0021
ORD0094508,11.16,0.0946
ORD0094509,12.0,0.004
ORD0094510,14.22,0.7982
ORD0094511,11.68,0.0005
ORD0094512,17.04,0.0013
ORD0094513,20.24,0.0012
ORD0094514,24.39,0.0008
ORD0094515,12.0,0.0035
ORD0094516,16.16,0.0219
ORD0094517,13.97,0.0025
ORD0094518,26.49,0.0015
ORD0094519,89.26,0.0064
ORD0094520,60.17,0.0036
ORD0094521,51.1,0.0015
ORD0094522,64.51,0.0015
ORD0094523,98.86,0.0117
ORD0094524,25.98,0.001
ORD0094525,22.28,0.0008
ORD0094526,20.75,0.0054
ORD0094527,24.15,0.0014
ORD0094528,21.16,0.0534
ORD0094529,14.78,0.0004
ORD0094530,22.34,0.868
ORD0094531,19.68,0.0112
ORD0094532,17.21,0.0007
ORD0094533,20.47,0.3488
ORD0094534,11.3,0.0928
ORD0094535,18.72,0.7183
ORD0094536,11.83,0.4709
ORD0094537,27.76,0.9499
ORD0094538,21.93,0.8274
ORD0094539,17.59,0.237
ORD0094540,14.73,0.1806
ORD0094541,18.35,0.9639
ORD0094542,14.03,0.9435
ORD0094543,15.92,0.9774
ORD0094544,15.87,0.7082
ORD0094545,29.1,0.8321
ORD0094546,18.47,0.9417
ORD0094547,14.78,0.9322
ORD0094548,20.6,0.0033
ORD0094549,19.49,0.083
ORD0094550,17.82,0.0017
ORD0094551,52.41,0.9651
ORD0094552,42.49,0.0044
ORD0094553,24.79,0.992
ORD0094554,29.67,0.3706
ORD0094555,11.29,0.0051
ORD0094556,11.48,0.001
ORD0094557,12.41,0.5957
ORD0094558,11.04,0.0036
ORD0094559,17.57,0.2516
ORD0094560,15.78,0.0022
ORD0094561,16.78,0.0013
ORD0094562,14.56,0.0008
ORD0094563,18.4,0.0043
ORD0094564,19.26,0.0023
ORD0094565,24.34,0.0612
ORD0094566,43.71,0.9434
ORD0094567,27.69,0.376
ORD0094568,12.1,0.0005
ORD0094569,7.32,0.009
ORD0094570,11.14,0.0009
ORD0094571,11.59,0.0027
ORD0094572,28.42,0.0005
ORD0094573,31.12,0.9932
ORD0094574,14.6,0.0094
ORD0094575,28.94,0.0011
ORD0094576,17.12,0.0005
ORD0094577,25.51,0.3016
ORD0094578,17.22,0.0165
ORD0094579,16.84,0.3939
ORD0094580,14.06,0.0018
ORD0094581,23.31,0.0013
ORD0094582,12.55,0.0006
ORD0094583,9.41,0.0029
ORD0094584,25.46,0.9376
ORD0094585,16.7,0.0147
ORD0094586,26.62,0.0009
ORD0094587,28.55,0.3564
ORD0094588,23.28,0.0015
ORD0094589,34.05,0.0004
ORD0094590,32.85,0.0007
ORD0094591,14.05,0.0044
ORD0094592,17.18,0.0104
ORD0094593,20.98,0.0005
ORD0094594,118.04,0.0012
ORD0094595,31.66,0.0062
ORD0094596,18.02,0.0007
ORD0094597,24.92,0.3247
ORD0094598,21.85,0.0015
ORD0094599,20.88,0.0164
ORD0094600,18.18,0.9702
ORD0094601,13.9,0.7064
ORD0094602,24.47,0.9935
ORD0094603,11.58,0.0049
ORD0094604,12.06,0.5177
ORD0094605,19.16,0.01
ORD0094606,18.74,0.1507
ORD0094607,33.01,0.0008
ORD0094608,19.78,0.7769
ORD0094609,19.4,0.0017
ORD0094610,30.18,0.0021
ORD0094611,23.85,0.0015
ORD0094612,20.27,0.0112
ORD0094613,84.57,0.0077
ORD0094614,57.94,0.0014
ORD0094615,27.82,0.0031
ORD0094616,15.53,0.0046
ORD0094617,18.19,0.0009
ORD0094618,21.0,0.0013
ORD0094619,15.96,0.0309
ORD0094620,12.25,0.0009
ORD0094621,60.25,0.0016
ORD0094622,11.31,0.0038
ORD0094623,16.06,0.0175
ORD0094624,22.82,0.001
ORD0094625,20.89,0.0042
ORD0094626,14.47,0.0013
ORD0094627,15.03,0.0023
ORD0094628,12.29,0.0141
ORD0094629,17.29,0.3398
ORD0094630,36.26,0.002
ORD0094631,56.87,0.002
ORD0094632,8.19,0.0079
ORD0094633,13.99,0.0821
ORD0094634,15.48,0.0209
ORD0094635,14.12,0.6082
ORD0094636,14.79,0.0018
ORD0094637,12.5,0.0012
ORD0094638,11.9,0.0008
ORD0094639,11.62,0.0005
ORD0094640,10.08,0.0034
ORD0094641,8.27,0.0009
ORD0094642,10.95,0.0317
ORD0094643,11.21,0.002
ORD0094644,10.08,0.4683
ORD0094645,13.8,0.9457
ORD0094646,10.84,0.0061
ORD0094647,12.97,0.9557
ORD0094648,10.83,0.0006
ORD0094649,18.93,0.086
ORD0094650,16.16,0.0008
ORD0094651,25.43,0.0075
ORD0094652,26.77,0.0005
ORD0094653,13.46,0.9134
ORD0094654,14.72,0.0022
ORD0094655,21.88,0.9895
ORD0094656,22.52,0.001
ORD0094657,20.23,0.2672
ORD0094658,18.87,0.0031
ORD0094659,17.88,0.0126
ORD0094660,24.37,0.9273
ORD0094661,14.64,0.0004
ORD0094662,20.31,0.5538
ORD0094663,19.48,0.0006
ORD0094664,16.29,0.0531
ORD0094665,19.58,0.3138
ORD0094666,19.86,0.5749
ORD0094667,10.32,0.0177
ORD0094668,16.17,0.584
ORD0094669,25.49,0.8643
ORD0094670,20.78,0.8618
ORD0094671,16.5,0.0876
ORD0094672,16.44,0.1215
ORD0094673,12.7,0.3659
ORD0094674,11.85,0.3732
ORD0094675,30.76,0.8309
ORD0094676,20.08,0.2504
ORD0094677,19.64,0.9725
ORD0094678,130.05,0.142
ORD0094679,19.61,0.0009
ORD0094680,13.42,0.0006
ORD0094681,15.99,0.0026
ORD0094682,18.22,0.0008
ORD0094683,55.02,0.1687
ORD0094684,37.41,0.0023
ORD0094685,29.49,0.9737
ORD0094686,27.11,0.0075
ORD0094687,12.34,0.967
ORD0094688,11.79,0.9967
ORD0094689,11.95,0.9932
ORD0094690,20.08,0.9949
ORD0094691,16.75,0.9707
ORD0094692,14.3,0.0006
ORD0094693,11.42,0.0099
ORD0094694,19.8,0.8916
ORD0094695,14.31,0.0012
ORD0094696,26.67,0.984
ORD0094697,22.39,0.0158
ORD0094698,28.97,0.9937
ORD0094699,34.02,0.9688
ORD0094700,10.23,0.0015
ORD0094701,9.8,0.0005
ORD0094702,9.87,0.0011
ORD0094703,20.98,0.0049
ORD0094704,19.11,0.0008
ORD0094705,26.24,0.9972
ORD0094706,20.37,0.9976
ORD0094707,15.39,0.9922
ORD0094708,17.26,0.17
ORD0094709,12.2,0.0007
ORD0094710,21.09,0.0033
ORD0094711,26.8,0.996
ORD0094712,18.44,0.004
ORD0094713,14.08,0.1201
ORD0094714,11.58,0.003
ORD0094715,26.93,0.0036
ORD0094716,21.06,0.0022
ORD0094717,13.86,0.8209
ORD0094718,9.6,0.0076
ORD0094719,19.38,0.8489
ORD0094720,14.77,0.0967
ORD0094721,32.26,0.9826
ORD0094722,21.17,0.9954
ORD0094723,24.5,0.3412
ORD0094724,32.62,0.0405
ORD0094725,40.19,0.0048
ORD0094726,13.51,0.9814
ORD0094727,14.86,0.9647
ORD0094728,13.34,0.0033
ORD0094729,15.87,0.0023
ORD0094730,25.68,0.0053
ORD0094731,22.3,0.0028
ORD0094732,16.03,0.0007
ORD0094733,14.58,0.001
ORD0094734,28.21,0.1353
ORD0094735,19.47,0.0016
ORD0094736,16.49,0.9561
ORD0094737,11.35,0.0275
ORD0094738,24.03,0.9926
ORD0094739,20.29,0.4545
ORD0094740,10.12,0.0045
ORD0094741,9.41,0.0021
ORD0094742,14.81,0.0138
ORD0094743,18.91,0.2289
ORD0094744,29.91,0.0009
ORD0094745,23.57,0.0008
ORD0094746,18.6,0.7161
ORD0094747,19.59,0.0032
ORD0094748,18.95,0.0131
ORD0094749,15.09,0.0028
ORD0094750,24.86,0.0017
ORD0094751,24.82,0.003
ORD0094752,28.62,0.0018
ORD0094753,16.66,0.0039
ORD0094754,15.63,0.0036
ORD0094755,16.63,0.0012
ORD0094756,14.8,0.0011
ORD0094757,13.92,0.0433
ORD0094758,15.5,0.9927
ORD0094759,14.22,0.9814
ORD0094760,22.77,0.9872
ORD0094761,26.17,0.9135
ORD0094762,17.42,0.9226
ORD0094763,13.36,0.9928
ORD0094764,11.96,0.9856
ORD0094765,15.91,0.9952
ORD0094766,14.05,0.9927
ORD0094767,9.22,0.0197
ORD0094768,11.93,0.2736
ORD0094769,14.86,0.3824
ORD0094770,12.69,0.7843
ORD0094771,13.24,0.9088
ORD0094772,12.61,0.0007
ORD0094773,13.81,0.8894
ORD0094774,14.82,0.9871
ORD0094775,12.29,0.0042
ORD0094776,11.73,0.0009
ORD0094777,13.44,0.9891
ORD0094778,8.4,0.0007
ORD0094779,7.97,0.012
ORD0094780,10.94,0.0013
ORD0094781,9.71,0.0028
ORD0094782,12.84,0.9949
ORD0094783,11.32,0.0056
ORD0094784,13.62,0.9932
ORD0094785,11.58,0.293
ORD0094786,15.42,0.0553
ORD0094787,29.23,0.0047
ORD0094788,11.8,0.7056
ORD0094789,12.16,0.0053
ORD0094790,18.41,0.9811
ORD0094791,12.72,0.0277
ORD0094792,21.8,0.0147
ORD0094793,20.52,0.0026
ORD0094794,22.14,0.5462
ORD0094795,24.06,0.0113
ORD0094796,26.25,0.9738
ORD0094797,21.3,0.3762
ORD0094798,13.22,0.0009
ORD0094799,12.54,0.0005
ORD0094800,24.35,0.9937
ORD0094801,20.99,0.9644
ORD0094802,18.08,0.002
ORD0094803,17.05,0.0012
ORD0094804,26.53,0.526
ORD0094805,15.92,0.4562
ORD0094806,9.56,0.0744
ORD0094807,8.75,0.0647
ORD0094808,14.38,0.8313
ORD0094809,15.7,0.7986
ORD0094810,24.06,0.9837
ORD0094811,21.69,0.2206
ORD0094812,14.42,0.2365
ORD0094813,38.05,0.0395
ORD0094814,15.98,0.6744
ORD0094815,11.77,0.3207
ORD0094816,16.37,0.9174
ORD0094817,22.65,0.1424
ORD0094818,20.67,0.1449
ORD0094819,17.77,0.3236
ORD0094820,19.69,0.1184
ORD0094821,18.67,0.7366
ORD0094822,18.33,0.5429
ORD0094823,47.63,0.9879
ORD0094824,46.06,0.9832
ORD0094825,24.85,0.9956
ORD0094826,9.35,0.0005
ORD0094827,8.94,0.0007
ORD0094828,13.96,0.0006
ORD0094829,13.93,0.0007
ORD0094830,15.28,0.0009
ORD0094831,24.72,0.0025
ORD0094832,22.48,0.0032
ORD0094833,24.01,0.041
ORD0094834,21.41,0.0319
ORD0094835,9.52,0.0006
ORD0094836,7.47,0.0022
ORD0094837,10.54,0.0008
ORD0094838,21.42,0.0004
ORD0094839,20.42,0.0005
ORD0094840,19.28,0.8243
ORD0094841,18.43,0.7805
ORD0094842,12.42,0.0037
ORD0094843,11.41,0.6566
ORD0094844,19.74,0.0008
ORD0094845,17.36,0.0186
ORD0094846,24.95,0.9942
ORD0094847,12.87,0.0017
ORD0094848,13.55,0.0006
ORD0094849,12.68,0.002
ORD0094850,19.97,0.0005
ORD0094851,17.65,0.0005
ORD0094852,9.74,0.0063
ORD0094853,14.13,0.011
ORD0094854,12.91,0.0012
ORD0094855,18.63,0.0715
ORD0094856,21.91,0.0027
ORD0094857,13.46,0.792
ORD0094858,14.98,0.0085
ORD0094859,24.37,0.001
ORD0094860,12.16,0.9794
ORD0094861,9.31,0.0758
ORD0094862,15.9,0.0005
ORD0094863,23.54,0.0048
ORD0094864,21.18,0.001
ORD0094865,12.83,0.0007
ORD0094866,19.86,0.1005
ORD0094867,18.49,0.0022
ORD0094868,18.82,0.0016
ORD0094869,21.5,0.0006
ORD0094870,15.6,0.798
ORD0094871,10.3,0.0065
ORD0094872,19.98,0.9914
ORD0094873,17.99,0.05
ORD0094874,9.48,0.0047
ORD0094875,23.96,0.0012
ORD0094876,21.0,0.0013
ORD0094877,13.36,0.9761
ORD0094878,13.55,0.1495
ORD0094879,16.97,0.9926
ORD0094880,14.96,0.6518
ORD0094881,28.28,0.0362
ORD0094882,17.6,0.9938
ORD0094883,17.96,0.9599
ORD0094884,30.26,0.6626
ORD0094885,23.2,0.0553
ORD0094886,21.47,0.97
ORD0094887,21.29,0.0015
ORD0094888,25.88,0.7205
ORD0094889,12.39,0.0027
ORD0094890,14.4,0.001
ORD0094891,14.93,0.5657
ORD0094892,13.66,0.0036
ORD0094893,15.21,0.9675
ORD0094894,9.27,0.0023
ORD0094895,15.49,0.0014
ORD0094896,15.59,0.9017
ORD0094897,10.76,0.0118
ORD0094898,9.09,0.0017
ORD0094899,11.12,0.267
ORD0094900,9.11,0.0026
ORD0094901,8.44,0.0067
ORD0094902,6.99,0.0048
ORD0094903,13.71,0.0132
ORD0094904,10.34,0.0275
ORD0094905,9.8,0.1482
ORD0094906,10.73,0.4326
ORD0094907,13.18,0.0061
ORD0094908,12.17,0.0007
ORD0094909,11.09,0.0007
ORD0094910,10.63,0.0803
ORD0094911,10.4,0.0019
ORD0094912,7.54,0.0013
ORD0094913,7.34,0.0013
ORD0094914,13.08,0.8852
ORD0094915,10.32,0.9838
ORD0094916,14.58,0.9921
ORD0094917,11.04,0.0045
ORD0094918,11.3,0.0019
ORD0094919,17.61,0.9424
ORD0094920,21.83,0.499
ORD0094921,25.72,0.6699
ORD0094922,11.5,0.9916
ORD0094923,14.08,0.9604
ORD0094924,16.99,0.997
ORD0094925,14.13,0.9929
ORD0094926,20.24,0.0016
ORD0094927,20.34,0.1182
ORD0094928,20.14,0.0049
ORD0094929,19.8,0.0768
ORD0094930,23.54,0.8385
ORD0094931,13.59,0.0004
ORD0094932,10.23,0.0015
ORD0094933,21.38,0.9051
ORD0094934,17.75,0.001
ORD0094935,14.79,0.019
ORD0094936,83.03,0.0011
ORD0094937,21.51,0.0013
ORD0094938,19.06,0.9665
ORD0094939,12.78,0.8122
ORD0094940,8.9,0.5737
ORD0094941,16.87,0.9824
ORD0094942,25.11,0.9868
ORD0094943,18.61,0.9583
ORD0094944,16.54,0.829
ORD0094945,11.88,0.1601
ORD0094946,13.8,0.52
ORD0094947,12.08,0.4835
ORD0094948,11.19,0.0779
ORD0094949,19.45,0.3581
ORD0094950,16.06,0.5111
ORD0094951,12.2,0.8776
ORD0094952,38.84,0.122
ORD0094953,20.5,0.0007
ORD0094954,13.96,0.0011
ORD0094955,15.2,0.0013
ORD0094956,39.45,0.0041
ORD0094957,33.4,0.0025
ORD0094958,21.35,0.0705
ORD0094959,25.0,0.0124
ORD0094960,9.7,0.0071
ORD0094961,9.13,0.2128
ORD0094962,10.25,0.3583
ORD0094963,9.21,0.184
ORD0094964,13.91,0.1981
ORD0094965,14.1,0.0083
ORD0094966,11.05,0.0014
ORD0094967,20.51,0.3075
ORD0094968,17.19,0.001
ORD0094969,26.88,0.942
ORD0094970,8.75,0.0006
ORD0094971,8.26,0.0195
ORD0094972,9.8,0.0023
ORD0094973,9.02,0.0006
ORD0094974,21.59,0.0006
ORD0094975,18.03,0.3825
ORD0094976,20.63,0.9911
ORD0094977,14.93,0.0141
ORD0094978,14.37,0.9948
ORD0094979,14.77,0.909
ORD0094980,16.83,0.0012
ORD0094981,15.34,0.0005
ORD0094982,57.22,0.0221
ORD0094983,56.77,0.0052
ORD0094984,71.24,0.0014
ORD0094985,12.04,0.0012
ORD0094986,11.9,0.0006
ORD0094987,10.79,0.0041
ORD0094988,9.28,0.0007
ORD0094989,19.46,0.0009
ORD0094990,19.78,0.0005
ORD0094991,11.3,0.0118
ORD0094992,8.56,0.0033
ORD0094993,14.81,0.3111
ORD0094994,11.82,0.0165
ORD0094995,22.15,0.9224
ORD0094996,20.4,0.2922
ORD0094997,18.28,0.9928
ORD0094998,16.58,0.928
ORD0094999,25.61,0.0023
ORD0095000,32.29,0.001
ORD0095001,11.24,0.9958
ORD0095002,10.77,0.0013
ORD0095003,12.64,0.0007
ORD0095004,25.43,0.0197
ORD0095005,20.13,0.0202
ORD0095006,15.93,0.0013
ORD0095007,13.03,0.0018
ORD0095008,19.91,0.7872
ORD0095009,20.5,0.6633
ORD0095010,15.96,0.0028
ORD0095011,16.38,0.0035
ORD0095012,16.4,0.9873
ORD0095013,10.66,0.9794
ORD0095014,17.84,0.9951
ORD0095015,18.76,0.9906
ORD0095016,9.17,0.0251
ORD0095017,8.22,0.0245
ORD0095018,45.58,0.0012
ORD0095019,12.68,0.0113
ORD0095020,15.09,0.0029
ORD0095021,15.82,0.0759
ORD0095022,13.3,0.0098
ORD0095023,26.77,0.0021
ORD0095024,21.16,0.0017
ORD0095025,15.7,0.3322
ORD0095026,18.74,0.0037
ORD0095027,16.8,0.0128
ORD0095028,13.03,0.0034
ORD0095029,19.29,0.0092
ORD0095030,19.06,0.0019
ORD0095031,12.12,0.0535
ORD0095032,14.28,0.0032
ORD0095033,14.69,0.0066
ORD0095034,11.82,0.0017
ORD0095035,14.11,0.2661
ORD0095036,9.08,0.0075
ORD0095037,9.35,0.5177
ORD0095038,10.63,0.0836
ORD0095039,15.29,0.0977
ORD0095040,14.21,0.0133
ORD0095041,12.04,0.0163
ORD0095042,11.72,0.0051
ORD0095043,8.42,0.0011
ORD0095044,7.79,0.0009
ORD0095045,10.97,0.9401
ORD0095046,9.68,0.6687
ORD0095047,7.48,0.4155
ORD0095048,8.8,0.937
ORD0095049,14.03,0.9183
ORD0095050,11.38,0.9854
ORD0095051,12.39,0.9877
ORD0095052,10.05,0.0009
ORD0095053,10.11,0.0004
ORD0095054,8.35,0.0019
ORD0095055,8.28,0.0004
ORD0095056,6.95,0.0005
ORD0095057,6.12,0.0004
ORD0095058,8.89,0.0021
ORD0095059,8.71,0.0005
ORD0095060,7.64,0.0049
ORD0095061,7.19,0.0009
ORD0095062,10.56,0.0174
ORD0095063,9.42,0.0006
ORD0095064,8.64,0.0004
ORD0095065,11.93,0.0034
ORD0095066,14.03,0.0407
ORD0095067,19.44,0.0017
ORD0095068,22.63,0.0165
ORD0095069,7.95,0.022
ORD0095070,9.73,0.7146
ORD0095071,17.1,0.6099
ORD0095072,18.97,0.0015
ORD0095073,16.93,0.0128
ORD0095074,17.24,0.0271
ORD0095075,20.24,0.3458
ORD0095076,20.87,0.6242
ORD0095077,10.79,0.0006
ORD0095078,9.73,0.0096
ORD0095079,18.78,0.9732
ORD0095080,17.46,0.9848
ORD0095081,11.44,0.0011
ORD0095082,16.71,0.2236
ORD0095083,13.78,0.239
ORD0095084,7.14,0.0461
ORD0095085,6.64,0.0617
ORD0095086,11.5,0.3851
ORD0095087,10.25,0.5892
ORD0095088,22.0,0.8
ORD0095089,17.7,0.9091
ORD0095090,11.39,0.0759
ORD0095091,9.65,0.1613
ORD0095092,10.61,0.1473
ORD0095093,10.09,0.3869
ORD0095094,20.89,0.6002
ORD0095095,15.33,0.2209
ORD0095096,15.43,0.8686
ORD0095097,12.34,0.3292
ORD0095098,14.81,0.0064
ORD0095099,13.35,0.9677
ORD0095100,14.15,0.0804
ORD0095101,41.09,0.9702
ORD0095102,19.88,0.9873
ORD0095103,9.5,0.0005
ORD0095104,9.71,0.0005
ORD0095105,9.19,0.0006
ORD0095106,13.36,0.0005
ORD0095107,12.54,0.0008
ORD0095108,13.18,0.0006
ORD0095109,13.95,0.6546
ORD0095110,13.6,0.0013
ORD0095111,13.78,0.0007
ORD0095112,19.99,0.0167
ORD0095113,27.35,0.4983
ORD0095114,16.09,0.0012
ORD0095115,11.4,0.0004
ORD0095116,10.3,0.0045
ORD0095117,21.18,0.0005
ORD0095118,20.76,0.9858
ORD0095119,18.48,0.1728
ORD0095120,16.8,0.9953
ORD0095121,14.61,0.9892
ORD0095122,16.85,0.0008
ORD0095123,12.7,0.0004
ORD0095124,16.66,0.0008
ORD0095125,25.0,0.9962
ORD0095126,13.23,0.0007
ORD0095127,12.0,0.0005
ORD0095128,13.65,0.0013
ORD0095129,18.21,0.0005
ORD0095130,12.51,0.0039
ORD0095131,10.64,0.0008
ORD0095132,13.01,0.0014
ORD0095133,19.36,0.0815
ORD0095134,18.72,0.8242
ORD0095135,14.25,0.0014
ORD0095136,26.77,0.0007
ORD0095137,33.37,0.0004
ORD0095138,12.13,0.9837
ORD0095139,10.5,0.0021
ORD0095140,12.27,0.0006
ORD0095141,73.05,0.002
ORD0095142,37.31,0.1325
ORD0095143,21.55,0.0011
ORD0095144,24.09,0.0024
ORD0095145,17.88,0.0174
ORD0095146,14.33,0.0006
ORD0095147,12.67,0.0166
ORD0095148,23.18,0.0088
ORD0095149,19.23,0.4457
ORD0095150,16.94,0.0008
ORD0095151,13.46,0.3655
ORD0095152,21.61,0.9677
ORD0095153,9.53,0.0024
ORD0095154,12.81,0.0163
ORD0095155,13.29,0.0059
ORD0095156,14.47,0.1246
ORD0095157,13.29,0.0216
ORD0095158,29.76,0.0012
ORD0095159,23.83,0.0009
ORD0095160,17.13,0.5944
ORD0095161,15.38,0.0777
ORD0095162,21.02,0.0029
ORD0095163,20.37,0.0024
ORD0095164,18.84,0.0146
ORD0095165,13.79,0.0067
ORD0095166,20.21,0.0015
ORD0095167,11.71,0.0022
ORD0095168,15.65,0.0009
ORD0095169,11.57,0.0036
ORD0095170,9.94,0.0038
ORD0095171,16.38,0.0013
ORD0095172,15.67,0.9359
ORD0095173,11.62,0.0846
ORD0095174,11.08,0.0191
ORD0095175,8.3,0.1992
ORD0095176,16.38,0.4181
ORD0095177,11.08,0.8486
ORD0095178,6.73,0.0262
ORD0095179,7.88,0.3497
ORD0095180,18.67,0.3889
ORD0095181,11.8,0.9546
ORD0095182,11.06,0.9046
ORD0095183,12.73,0.0009
ORD0095184,11.01,0.0004
ORD0095185,11.11,0.0005
ORD0095186,9.38,0.0018
ORD0095187,7.47,0.0004
ORD0095188,10.37,0.0031
ORD0095189,10.3,0.0005
ORD0095190,8.99,0.0119
ORD0095191,8.44,0.0008
ORD0095192,13.78,0.1292
ORD0095193,10.19,0.0012
ORD0095194,10.29,0.0006
ORD0095195,10.63,0.0004
ORD0095196,14.45,0.0012
ORD0095197,17.33,0.8727
ORD0095198,24.47,0.0009
ORD0095199,25.9,0.6682
ORD0095200,9.33,0.0072
ORD0095201,16.69,0.153
ORD0095202,15.24,0.9899
ORD0095203,36.8,0.0014
ORD0095204,119.99,0.006
ORD0095205,19.38,0.0061
ORD0095206,18.84,0.0853
ORD0095207,18.39,0.0187
ORD0095208,24.11,0.8408
ORD0095209,11.41,0.0007
ORD0095210,10.38,0.0011
ORD0095211,21.4,0.9908
ORD0095212,19.64,0.7363
ORD0095213,14.81,0.0023
ORD0095214,16.4,0.0058
ORD0095215,16.78,0.2646
ORD0095216,15.88,0.1203
ORD0095217,8.99,0.0727
ORD0095218,7.72,0.0658
ORD0095219,13.52,0.6088
ORD0095220,9.51,0.2619
ORD0095221,24.99,0.9237
ORD0095222,17.7,0.6157
ORD0095223,14.05,0.1802
ORD0095224,13.03,0.5983
ORD0095225,11.18,0.1096
ORD0095226,13.08,0.8234
ORD0095227,10.83,0.1255
ORD0095228,18.36,0.269
ORD0095229,15.56,0.182
ORD0095230,15.22,0.4101
ORD0095231,12.28,0.3445
ORD0095232,70.54,0.1584
ORD0095233,19.37,0.006
ORD0095234,15.95,0.9728
ORD0095235,15.03,0.6771
ORD0095236,18.52,0.9925
ORD0095237,57.93,0.9905
ORD0095238,25.55,0.9927
ORD0095239,25.75,0.9949
ORD0095240,31.23,0.0013
ORD0095241,12.12,0.0867
ORD0095242,11.86,0.0011
ORD0095243,13.3,0.9884
ORD0095244,10.46,0.0035
ORD0095245,20.92,0.9745
ORD0095246,15.58,0.0024
ORD0095247,16.88,0.0508
ORD0095248,17.11,0.9664
ORD0095249,22.13,0.6967
ORD0095250,15.57,0.0094
ORD0095251,30.58,0.9941
ORD0095252,25.23,0.9924
ORD0095253,36.78,0.9958
ORD0095254,11.97,0.0012
ORD0095255,10.08,0.0008
ORD0095256,15.3,0.9868
ORD0095257,13.5,0.5063
ORD0095258,25.24,0.002
ORD0095259,20.28,0.0017
ORD0095260,24.06,0.9745
ORD0095261,24.95,0.9953
ORD0095262,18.62,0.9938
ORD0095263,23.57,0.018
ORD0095264,14.63,0.0035
ORD0095265,26.01,0.9968
ORD0095266,25.47,0.997
ORD0095267,67.43,0.4249
ORD0095268,85.96,0.9945
ORD0095269,44.03,0.0181
ORD0095270,64.33,0.0049
ORD0095271,28.48,0.0012
ORD0095272,50.49,0.0012
ORD0095273,19.31,0.0011
ORD0095274,14.49,0.0068
ORD0095275,15.37,0.0026
ORD0095276,14.31,0.0789
ORD0095277,25.62,0.0007
ORD0095278,19.37,0.0012
ORD0095279,10.89,0.045
ORD0095280,16.04,0.014
ORD0095281,28.21,0.4927
ORD0095282,24.58,0.5911
ORD0095283,20.89,0.9844
ORD0095284,33.14,0.0019
ORD0095285,11.57,0.2602
ORD0095286,18.88,0.9839
ORD0095287,17.41,0.001
ORD0095288,17.48,0.0027
ORD0095289,38.18,0.9556
ORD0095290,18.34,0.0048
ORD0095291,17.07,0.0019
ORD0095292,34.45,0.9932
ORD0095293,23.66,0.4712
ORD0095294,20.3,0.0853
ORD0095295,21.3,0.0042
ORD0095296,19.56,0.996
ORD0095297,25.78,0.9969
ORD0095298,24.28,0.9797
ORD0095299,13.54,0.905
ORD0095300,10.46,0.091
ORD0095301,20.44,0.7448
ORD0095302,17.11,0.0131
ORD0095303,22.3,0.9704
ORD0095304,16.55,0.1326
ORD0095305,31.61,0.0027
ORD0095306,27.19,0.0015
ORD0095307,23.6,0.9908
ORD0095308,21.62,0.7188
ORD0095309,26.91,0.0757
ORD0095310,19.46,0.0033
ORD0095311,19.18,0.6551
ORD0095312,16.85,0.0141
ORD0095313,26.5,0.0028
ORD0095314,25.57,0.0018
ORD0095315,13.91,0.0032
ORD0095316,17.13,0.0036
ORD0095317,21.96,0.0011
ORD0095318,14.95,0.001
ORD0095319,15.58,0.0128
ORD0095320,12.17,0.0072
ORD0095321,11.36,0.0048
ORD0095322,17.56,0.9315
ORD0095323,19.75,0.4097
ORD0095324,25.3,0.5064
ORD0095325,16.34,0.003
ORD0095326,16.84,0.1104
ORD0095327,10.35,0.0298
ORD0095328,16.98,0.4216
ORD0095329,9.95,0.0062
ORD0095330,9.22,0.0061
ORD0095331,13.99,0.086
ORD0095332,12.81,0.084
ORD0095333,13.57,0.4978
ORD0095334,13.68,0.0292
ORD0095335,12.27,0.0016
ORD0095336,13.06,0.0009
ORD0095337,12.84,0.0005
ORD0095338,11.62,0.1722
ORD0095339,11.97,0.002
ORD0095340,8.71,0.0013
ORD0095341,8.58,0.0008
ORD0095342,13.61,0.9307
ORD0095343,11.39,0.0063
ORD0095344,12.67,0.9864
ORD0095345,10.81,0.0889
ORD0095346,14.98,0.9929
ORD0095347,13.95,0.7495
ORD0095348,11.39,0.0029
ORD0095349,15.58,0.0008
ORD0095350,16.43,0.0008
ORD0095351,22.57,0.0007
ORD0095352,9.88,0.002
ORD0095353,17.44,0.0056
ORD0095354,13.28,0.0013
ORD0095355,25.51,0.0014
ORD0095356,65.65,0.0026
ORD0095357,47.77,0.0038
ORD0095358,50.02,0.0011
ORD0095359,73.15,0.0015
ORD0095360,103.25,0.2255
ORD0095361,52.21,0.0013
ORD0095362,23.01,0.0011
ORD0095363,22.67,0.0006
ORD0095364,21.11,0.0023
ORD0095365,23.83,0.0009
ORD0095366,23.94,0.0228
ORD0095367,14.43,0.0004
ORD0095368,21.99,0.8305
ORD0095369,17.19,0.0024
ORD0095370,16.01,0.0007
ORD0095371,20.57,0.2792
ORD0095372,10.34,0.0621
ORD0095373,17.12,0.6152
ORD0095374,15.78,0.7036
ORD0095375,25.62,0.9394
ORD0095376,29.35,0.9347
ORD0095377,14.61,0.1109
ORD0095378,15.79,0.3225
ORD0095379,15.38,0.6593
ORD0095380,14.6,0.1635
ORD0095381,15.65,0.9011
ORD0095382,14.98,0.6549
ORD0095383,25.49,0.3653
ORD0095384,17.33,0.5853
ORD0095385,13.1,0.37
ORD0095386,20.44,0.0012
ORD0095387,17.09,0.0034
ORD0095388,19.35,0.0006
ORD0095389,49.53,0.0333
ORD0095390,41.23,0.0008
ORD0095391,26.71,0.842
ORD0095392,28.08,0.0028
ORD0095393,11.78,0.001
ORD0095394,11.68,0.0005
ORD0095395,10.9,0.0049
ORD0095396,10.43,0.0007
ORD0095397,16.18,0.0028
ORD0095398,15.3,0.0007
ORD0095399,17.09,0.001
ORD0095401,20.38,0.0008
ORD0095402,19.77,0.7004
ORD0095403,29.37,0.002
ORD0095404,36.95,0.0355
ORD0095405,28.46,0.9936
ORD0095406,14.15,0.0005
ORD0095408,11.29,0.0008
ORD0095409,10.88,0.0021
ORD0095410,26.52,0.0006
ORD0095411,24.41,0.007
ORD0095412,18.58,0.4088
ORD0095413,22.14,0.0005
ORD0095414,15.16,0.0726
ORD0095415,29.23,0.9738
ORD0095416,109.48,0.0023
ORD0095417,16.02,0.0006
ORD0095418,15.93,0.001
ORD0095419,13.5,0.0014
ORD0095420,25.08,0.0005
ORD0095421,12.56,0.0013
ORD0095422,9.51,0.0074
ORD0095423,20.44,0.0044
ORD0095424,16.8,0.0794
ORD0095425,23.75,0.0023
ORD0095426,28.76,0.8183
ORD0095427,23.19,0.1125
ORD0095428,30.85,0.0007
ORD0095429,36.14,0.0008
ORD0095430,17.45,0.8497
ORD0095431,14.28,0.0005
ORD0095432,20.07,0.0005
ORD0095433,24.41,0.0025
ORD0095434,18.05,0.0007
ORD0095435,30.37,0.0557
ORD0095436,23.91,0.0012
ORD0095437,22.19,0.0006
ORD0095438,18.51,0.9039
ORD0095439,11.76,0.0033
ORD0095440,23.91,0.99
ORD0095441,10.51,0.0033
ORD0095442,12.08,0.0015
ORD0095443,23.5,0.9914
ORD0095444,23.51,0.9946
ORD0095445,33.38,0.3661
ORD0095446,22.53,0.9945
ORD0095447,22.06,0.9934
ORD0095448,36.07,0.9606
ORD0095449,33.36,0.9864
ORD0095450,28.63,0.9936
ORD0095451,74.64,0.9927
ORD0095452,51.61,0.0791
ORD0095453,32.02,0.1332
ORD0095454,16.41,0.4919
ORD0095455,17.81,0.0009
ORD0095456,19.67,0.0113
ORD0095457,14.46,0.8552
ORD0095458,15.04,0.001
ORD0095459,44.98,0.0016
ORD0095460,15.72,0.3181
ORD0095461,14.24,0.5835
ORD0095462,18.89,0.0203
ORD0095463,19.96,0.0933
ORD0095464,17.64,0.0051
ORD0095465,18.1,0.0097
ORD0095466,10.45,0.001
ORD0095467,17.57,0.9404
ORD0095468,34.67,0.0035
ORD0095469,58.43,0.0023
ORD0095470,14.05,0.6671
ORD0095471,19.8,0.9808
ORD0095472,20.68,0.9843
ORD0095473,14.2,0.9889
ORD0095474,13.72,0.0009
ORD0095475,12.04,0.001
ORD0095476,12.02,0.0005
ORD0095477,12.13,0.0005
ORD0095478,10.56,0.0015
ORD0095479,8.05,0.0005
ORD0095480,10.75,0.0022
ORD0095481,11.21,0.0018
ORD0095482,9.9,0.0108
ORD0095483,12.48,0.1427
ORD0095484,10.54,0.0035
ORD0095485,10.74,0.0005
ORD0095486,11.23,0.0006
ORD0095487,17.29,0.0017
ORD0095488,17.75,0.0028
ORD0095489,26.59,0.0009
ORD0095490,30.61,0.0016
ORD0095491,9.36,0.0053
ORD0095492,9.56,0.0164
ORD0095493,19.33,0.049
ORD0095494,23.68,0.0045
ORD0095495,19.63,0.029
ORD0095496,20.87,0.2386
ORD0095497,23.7,0.9426
ORD0095498,29.34,0.8409
ORD0095499,16.2,0.0006
ORD0095500,23.15,0.9911
ORD0095501,18.2,0.0018
ORD0095502,17.31,0.0074
ORD0095503,26.18,0.9706
ORD0095504,17.18,0.0575
ORD0095505,13.72,0.6451
ORD0095506,17.88,0.9807
ORD0095507,25.73,0.9884
ORD0095508,17.28,0.2338
ORD0095509,20.54,0.8707
ORD0095510,14.77,0.1189
ORD0095511,12.59,0.3728
ORD0095512,11.69,0.3716
ORD0095513,24.71,0.648
ORD0095514,18.41,0.1799
ORD0095515,15.84,0.9322
ORD0095516,22.17,0.0596
ORD0095517,17.58,0.4557
ORD0095518,21.54,0.9271
ORD0095519,18.96,0.9688
ORD0095520,63.61,0.9912
ORD0095521,58.24,0.9928
ORD0095522,28.61,0.994
ORD0095523,30.64,0.9954
ORD0095524,10.8,0.0009
ORD0095525,10.78,0.0049
ORD0095526,9.76,0.0013
ORD0095527,15.45,0.003
ORD0095528,14.58,0.0008
ORD0095529,14.0,0.1158
ORD0095530,13.9,0.7702
ORD0095531,19.04,0.0092
ORD0095532,12.52,0.0007
ORD0095533,23.78,0.4928
ORD0095534,31.93,0.9811
ORD0095535,30.15,0.9783
ORD0095536,27.16,0.9965
ORD0095537,13.35,0.0014
ORD0095538,12.36,0.005
ORD0095540,24.28,0.0021
ORD0095541,19.93,0.0004
ORD0095542,22.98,0.946
ORD0095543,17.83,0.9895
ORD0095544,14.71,0.9164
ORD0095545,17.53,0.0028
ORD0095546,14.76,0.0043
ORD0095547,25.15,0.995
ORD0095548,20.4,0.997
ORD0095549,17.11,0.0008
ORD0095550,13.89,0.0013
ORD0095551,10.76,0.0015
ORD0095552,25.97,0.001
ORD0095553,20.11,0.0008
ORD0095554,11.51,0.0028
ORD0095555,11.26,0.0006
ORD0095556,13.87,0.05
ORD0095557,15.68,0.0006
ORD0095558,26.62,0.6134
ORD0095559,18.18,0.4234
ORD0095560,15.41,0.0011
ORD0095561,35.57,0.0058
ORD0095562,36.02,0.0005
ORD0095563,14.95,0.9344
ORD0095564,11.6,0.002
ORD0095565,16.78,0.0018
ORD0095566,13.0,0.0011
ORD0095567,92.55,0.0015
ORD0095568,31.09,0.0059
ORD0095569,25.24,0.0028
ORD0095570,17.1,0.0007
ORD0095571,14.12,0.0015
ORD0095572,29.95,0.254
ORD0095573,21.41,0.0019
ORD0095574,15.91,0.9698
ORD0095575,10.89,0.0658
ORD0095576,23.89,0.9923
ORD0095577,21.22,0.7309
ORD0095578,10.24,0.0045
ORD0095579,9.29,0.0026
ORD0095580,16.31,0.383
ORD0095581,18.41,0.7686
ORD0095582,30.67,0.0029
ORD0095583,26.71,0.0029
ORD0095584,22.3,0.9788
ORD0095585,24.06,0.0166
ORD0095586,17.39,0.3926
ORD0095587,17.6,0.0061
ORD0095588,31.34,0.0035
ORD0095589,23.09,0.0036
ORD0095590,13.71,0.0114
ORD0095591,13.96,0.0047
ORD0095592,15.66,0.0031
ORD0095593,13.47,0.0035
ORD0095594,15.11,0.1947
ORD0095595,11.77,0.0535
ORD0095596,14.4,0.2127
ORD0095597,22.19,0.9399
ORD0095598,16.81,0.0153
ORD0095599,15.82,0.0111
ORD0095600,13.28,0.7047
ORD0095601,11.4,0.8601
ORD0095602,18.4,0.9631
ORD0095603,15.14,0.9852
ORD0095604,28.47,0.0022
ORD0095605,7.83,0.0498
ORD0095606,16.0,0.3989
ORD0095607,12.48,0.0631
ORD0095608,13.16,0.9244
ORD0095609,12.3,0.7251
ORD0095610,12.71,0.0026
ORD0095611,12.34,0.0028
ORD0095612,12.24,0.0012
ORD0095613,11.68,0.0006
ORD0095614,10.65,0.0149
ORD0095615,10.69,0.0057
ORD0095616,8.38,0.0017
ORD0095617,8.43,0.0009
ORD0095618,10.82,0.2491
ORD0095619,11.18,0.9312
ORD0095620,9.79,0.159
ORD0095621,14.15,0.9877
ORD0095622,13.2,0.9794
ORD0095623,11.46,0.0019
ORD0095624,17.13,0.7678
ORD0095625,26.17,0.3043
ORD0095626,14.87,0.9901
ORD0095627,11.47,0.0005
ORD0095628,16.8,0.9944
ORD0095629,12.89,0.0006
ORD0095630,19.93,0.0094
ORD0095631,19.11,0.0016
ORD0095632,20.96,0.3679
ORD0095633,18.91,0.0017
ORD0095634,23.02,0.9537
ORD0095635,21.51,0.3459
ORD0095636,12.07,0.0008
ORD0095637,11.67,0.0004
ORD0095638,21.3,0.9927
ORD0095639,18.35,0.9455
ORD0095640,16.7,0.0024
ORD0095641,15.99,0.0013
ORD0095642,24.09,0.0014
ORD0095643,20.83,0.3999
ORD0095644,19.53,0.6063
ORD0095645,9.13,0.0306
ORD0095646,8.59,0.127
ORD0095647,15.94,0.7454
ORD0095648,13.21,0.8528
ORD0095649,27.11,0.8999
ORD0095650,15.69,0.1204
ORD0095651,13.34,0.3387
ORD0095652,28.35,0.0311
ORD0095653,16.67,0.1497
ORD0095654,13.73,0.614
ORD0095655,15.41,0.4495
ORD0095656,25.13,0.5101
ORD0095657,18.79,0.3364
ORD0095658,20.91,0.7969
ORD0095659,19.59,0.005
ORD0095660,17.17,0.0844
ORD0095661,16.85,0.0033
ORD0095662,60.03,0.9487
ORD0095663,40.06,0.0193
ORD0095664,27.08,0.9921
ORD0095665,9.36,0.0005
ORD0095666,8.85,0.0009
ORD0095667,13.11,0.0009
ORD0095668,15.16,0.0009
ORD0095669,16.32,0.011
ORD0095670,23.36,0.1302
ORD0095671,18.13,0.0047
ORD0095672,29.08,0.9686
ORD0095673,20.08,0.0519
ORD0095674,10.83,0.0007
ORD0095675,7.62,0.0009
ORD0095676,9.97,0.0009
ORD0095677,25.67,0.0009
ORD0095678,19.71,0.0007
ORD0095679,23.78,0.993
ORD0095680,17.55,0.4953
ORD0095681,13.2,0.0036
ORD0095682,14.31,0.9902
ORD0095683,14.27,0.0037
ORD0095684,19.24,0.0584
ORD0095685,26.68,0.9932
ORD0095686,13.24,0.0019
ORD0095687,13.38,0.0006
ORD0095688,11.12,0.0179
ORD0095689,19.52,0.0023
ORD0095690,19.43,0.0007
ORD0095691,10.99,0.0015
ORD0095692,15.83,0.0048
ORD0095693,14.37,0.0014
ORD0095694,21.87,0.4416
ORD0095695,20.4,0.0062
ORD0095696,16.95,0.0574
ORD0095697,15.89,0.0717
ORD0095698,32.4,0.0006
ORD0095699,12.76,0.608
ORD0095700,14.06,0.7302
ORD0095701,16.28,0.0004
ORD0095702,28.14,0.0032
ORD0095703,20.74,0.0019
ORD0095704,17.08,0.0007
ORD0095705,19.76,0.0545
ORD0095706,16.7,0.0177
ORD0095707,17.25,0.0013
ORD0095708,19.21,0.0015
ORD0095709,16.76,0.7333
ORD0095710,11.03,0.5902
ORD0095711,20.64,0.9882
ORD0095712,20.67,0.9782
ORD0095713,9.05,0.0028
ORD0095714,25.09,0.0012
ORD0095715,23.04,0.0013
ORD0095716,14.0,0.0688
ORD0095717,13.79,0.0036
ORD0095718,17.9,0.4487
ORD0095719,13.68,0.0129
ORD0095720,26.83,0.0021
ORD0095721,19.41,0.89
ORD0095722,15.23,0.0889
ORD0095723,20.03,0.0075
ORD0095724,21.15,0.004
ORD0095725,15.96,0.0889
ORD0095726,21.77,0.0032
ORD0095727,19.74,0.0015
ORD0095728,13.68,0.0046
ORD0095729,12.79,0.0027
ORD0095730,11.78,0.0009
ORD0095731,12.21,0.0177
ORD0095732,12.69,0.0021
ORD0095733,11.53,0.2024
ORD0095734,18.31,0.0167
ORD0095735,12.22,0.0052
ORD0095736,11.85,0.7627
ORD0095737,8.7,0.0713
ORD0095738,13.21,0.9777
ORD0095739,10.63,0.703
ORD0095740,7.11,0.0191
ORD0095741,7.53,0.0794
ORD0095742,12.04,0.237
ORD0095743,12.95,0.5677
ORD0095744,11.83,0.7972
ORD0095745,12.54,0.964
ORD0095746,12.12,0.0022
ORD0095747,11.44,0.0005
ORD0095748,11.13,0.001
ORD0095749,11.12,0.005
ORD0095750,9.83,0.0016
ORD0095751,8.18,0.0006
ORD0095752,7.58,0.0011
ORD0095753,10.52,0.0572
ORD0095754,10.0,0.652
ORD0095755,13.3,0.9483
ORD0095756,10.61,0.0046
ORD0095757,10.7,0.0012
ORD0095758,15.61,0.0008
ORD0095759,20.56,0.0005
ORD0095760,23.32,0.0005
ORD0095761,10.25,0.0014
ORD0095762,11.07,0.0009
ORD0095763,16.94,0.0025
ORD0095764,13.1,0.0021
ORD0095765,20.64,0.0008
ORD0095766,18.37,0.0008
ORD0095767,16.96,0.0016
ORD0095768,20.34,0.0067
ORD0095769,26.62,0.0067
ORD0095770,14.84,0.0004
ORD0095771,10.02,0.0006
ORD0095772,18.28,0.1955
ORD0095773,15.16,0.0006
ORD0095774,18.43,0.001
ORD0095775,68.51,0.0014
ORD0095776,25.18,0.0011
ORD0095777,18.87,0.9715
ORD0095778,9.35,0.5981
ORD0095779,9.79,0.747
ORD0095780,13.57,0.9795
ORD0095781,23.71,0.9867
ORD0095782,20.35,0.9344
ORD0095783,14.77,0.943
ORD0095784,12.76,0.1137
ORD0095785,11.33,0.3687
ORD0095786,12.43,0.2952
ORD0095787,12.95,0.6705
ORD0095788,21.66,0.5418
ORD0095789,15.54,0.7725
ORD0095790,12.14,0.6707
ORD0095791,38.94,0.1754
ORD0095792,19.89,0.0013
ORD0095793,16.13,0.0007
ORD0095794,15.59,0.0029
ORD0095795,44.24,0.0311
ORD0095796,33.37,0.0014
ORD0095797,22.73,0.7786
ORD0095798,23.11,0.0033
ORD0095799,8.69,0.0007
ORD0095800,9.1,0.0005
ORD0095801,8.86,0.001
ORD0095802,8.17,0.0006
ORD0095803,13.27,0.0009
ORD0095804,12.12,0.0073
ORD0095805,12.23,0.0012
ORD0095806,18.64,0.0106
ORD0095807,21.42,0.0018
ORD0095808,22.64,0.2212
ORD0095809,8.68,0.0005
ORD0095810,8.29,0.001
ORD0095811,9.06,0.003
ORD0095812,9.59,0.0011
ORD0095813,18.31,0.0005
ORD0095814,18.52,0.0004
ORD0095815,20.27,0.9689
ORD0095816,18.65,0.9748
ORD0095817,16.63,0.9947
ORD0095818,12.91,0.3035
ORD0095819,15.41,0.0007
ORD0095820,18.97,0.3897
ORD0095821,94.31,0.0045
ORD0095822,41.25,0.0011
ORD0095823,13.06,0.1421
ORD0095824,11.92,0.0013
ORD0095825,14.05,0.9073
ORD0095826,10.68,0.0027
ORD0095827,20.19,0.0005
ORD0095828,14.95,0.0004
ORD0095829,8.95,0.0013
ORD0095830,8.41,0.0077
ORD0095831,12.55,0.0037
ORD0095832,14.95,0.0763
ORD0095833,18.72,0.0172
ORD0095834,20.31,0.77
ORD0095835,16.91,0.4742
ORD0095836,15.18,0.9838
ORD0095837,21.23,0.0009
ORD0095838,23.45,0.0007
ORD0095839,12.08,0.9679
ORD0095840,13.98,0.0006
ORD0095841,13.15,0.0005
ORD0095842,23.32,0.0132
ORD0095843,18.17,0.0157
ORD0095844,11.72,0.0016
ORD0095845,11.55,0.0024
ORD0095846,26.87,0.62
ORD0095847,18.68,0.6127
ORD0095848,16.42,0.0036
ORD0095849,17.98,0.0029
ORD0095850,11.99,0.9845
ORD0095851,10.78,0.9791
ORD0095852,18.85,0.9922
ORD0095853,18.57,0.9914
ORD0095854,8.88,0.0251
ORD0095855,8.38,0.0162
ORD0095856,14.08,0.0048
ORD0095857,14.64,0.0051
ORD0095858,13.59,0.0142
ORD0095859,12.88,0.024
ORD0095860,23.28,0.0008
ORD0095861,22.81,0.0022
ORD0095862,15.93,0.0881
ORD0095863,14.78,0.0021
ORD0095864,15.72,0.0064
ORD0095865,13.19,0.0059
ORD0095866,20.75,0.0043
ORD0095867,19.06,0.0015
ORD0095868,12.03,0.015
ORD0095869,11.72,0.0017
ORD0095870,13.71,0.0035
ORD0095871,11.79,0.001
ORD0095872,11.84,0.0578
ORD0095873,9.22,0.0037
ORD0095874,25.8,0.0016
ORD0095875,9.57,0.0152
ORD0095876,10.95,0.0488
ORD0095877,16.36,0.0046
ORD0095878,15.11,0.0118
ORD0095879,11.03,0.0011
ORD0095880,11.99,0.0051
ORD0095881,8.84,0.2836
ORD0095882,10.63,0.517
ORD0095883,14.2,0.8967
ORD0095884,10.7,0.9403
ORD0095885,6.18,0.0022
ORD0095886,6.33,0.0045
ORD0095887,10.68,0.0046
ORD0095888,9.23,0.0304
ORD0095889,9.61,0.0254
ORD0095890,10.27,0.001
ORD0095891,9.72,0.0005
ORD0095892,8.65,0.002
ORD0095893,8.21,0.0016
ORD0095894,6.81,0.0005
ORD0095895,6.11,0.0006
ORD0095896,8.89,0.0031
ORD0095897,9.07,0.0023
ORD0095898,7.63,0.0117
ORD0095899,8.2,0.0062
ORD0095900,11.78,0.1349
ORD0095901,9.15,0.0006
ORD0095902,9.22,0.0009
ORD0095903,14.61,0.0007
ORD0095904,13.25,0.0021
ORD0095905,21.33,0.0005
ORD0095906,23.79,0.001
ORD0095907,7.48,0.0009
ORD0095908,8.79,0.01
ORD0095909,11.41,0.0016
ORD0095910,17.22,0.0014
ORD0095911,15.97,0.0051
ORD0095912,15.9,0.0006
ORD0095913,17.31,0.0443
ORD0095914,17.81,0.0009
ORD0095915,10.33,0.0004
ORD0095916,8.9,0.0004
ORD0095917,15.25,0.7662
ORD0095918,12.65,0.0021
ORD0095919,14.99,0.0009
ORD0095920,15.31,0.2706
ORD0095921,15.96,0.3342
ORD0095922,7.48,0.0626
ORD0095923,7.09,0.152
ORD0095924,11.32,0.5848
ORD0095925,9.11,0.8055
ORD0095926,21.25,0.9199
ORD0095927,19.21,0.9731
ORD0095928,13.2,0.1388
ORD0095929,10.18,0.2295
ORD0095930,14.57,0.2862
ORD0095931,10.76,0.4626
ORD0095932,18.58,0.4939
ORD0095933,15.98,0.5501
ORD0095934,13.37,0.7572
ORD0095935,11.29,0.8474
ORD0095936,12.84,0.0006
ORD0095937,12.23,0.0077
ORD0095938,12.79,0.0011
ORD0095939,32.97,0.0029
ORD0095940,15.73,0.0065
ORD0095941,9.24,0.0038
ORD0095942,10.01,0.0005
ORD0095943,9.12,0.0606
ORD0095944,13.93,0.0332
ORD0095945,12.6,0.0005
ORD0095946,12.47,0.0005
ORD0095947,11.32,0.0009
ORD0095948,15.08,0.0089
ORD0095949,13.52,0.0007
ORD0095950,23.46,0.0834
ORD0095951,27.57,0.9022
ORD0095952,17.36,0.0128
ORD0095953,9.75,0.0004
ORD0095954,9.02,0.0005
ORD0095955,21.47,0.0009
ORD0095956,23.21,0.9921
ORD0095957,14.83,0.0034
ORD0095958,11.89,0.0009
ORD0095959,12.36,0.0163
ORD0095960,17.12,0.0018
ORD0095961,11.87,0.0006
ORD0095962,15.82,0.002
ORD0095963,23.93,0.9964
ORD0095964,12.26,0.0007
ORD0095965,12.1,0.0005
ORD0095966,13.08,0.0009
ORD0095967,20.68,0.0006
ORD0095968,10.02,0.0043
ORD0095969,7.74,0.0007
ORD0095970,15.48,0.0199
ORD0095971,22.82,0.5269
ORD0095972,19.65,0.9815
ORD0095973,13.76,0.0019
ORD0095974,26.89,0.0014
ORD0095975,26.6,0.0004
ORD0095976,8.46,0.0018
ORD0095977,9.08,0.002
ORD0095978,13.0,0.0008
ORD0095979,79.76,0.0025
ORD0095980,46.54,0.0021
ORD0095981,22.53,0.0011
ORD0095982,21.18,0.0072
ORD0095983,23.73,0.0009
ORD0095984,13.77,0.0012
ORD0095985,12.76,0.0006
ORD0095986,24.72,0.1488
ORD0095987,19.24,0.0029
ORD0095988,18.07,0.002
ORD0095989,11.69,0.8688
ORD0095990,18.59,0.9889
ORD0095991,9.12,0.0074
ORD0095992,61.13,0.0012
ORD0095993,11.63,0.1168
ORD0095994,12.99,0.0419
ORD0095995,16.82,0.394
ORD0095996,15.02,0.2915
ORD0095997,27.42,0.0029
ORD0095998,25.68,0.0028
ORD0095999,17.26,0.8662
ORD0096000,18.17,0.681
ORD0096001,18.51,0.0078
ORD0096002,20.5,0.0065
ORD0096003,18.93,0.1185
ORD0096004,14.6,0.0401
ORD0096005,23.68,0.0029
ORD0096006,15.13,0.0045
ORD0096007,13.07,0.0022
ORD0096008,10.26,0.0142
ORD0096009,9.41,0.0043
ORD0096010,16.46,0.0031
ORD0096011,14.47,0.9271
ORD0096012,11.75,0.001
ORD0096013,8.98,0.0485
ORD0096014,7.77,0.0021
ORD0096015,10.8,0.3444
ORD0096016,9.09,0.0056
ORD0096017,8.22,0.0029
ORD0096018,8.32,0.0057
ORD0096019,11.87,0.0064
ORD0096020,9.53,0.0352
ORD0096021,9.13,0.0307
ORD0096022,11.74,0.0043
ORD0096023,11.33,0.0006
ORD0096024,11.49,0.0007
ORD0096025,9.54,0.0314
ORD0096026,7.57,0.0012
ORD0096027,11.52,0.5773
ORD0096028,10.06,0.0007
ORD0096029,9.91,0.973
ORD0096030,8.17,0.001
ORD0096031,13.36,0.9895
ORD0096032,9.97,0.0022
ORD0096033,9.97,0.0018
ORD0096034,10.13,0.0006
ORD0096035,14.31,0.001
ORD0096036,15.9,0.9414
ORD0096037,20.88,0.0006
ORD0096038,31.51,0.5216
ORD0096039,9.57,0.0019
ORD0096040,12.03,0.0056
ORD0096041,17.09,0.9926
ORD0096042,20.29,0.001
ORD0096043,16.91,0.0022
ORD0096044,17.25,0.004
ORD0096045,23.0,0.0114
ORD0096046,10.04,0.0004
ORD0096047,10.0,0.0007
ORD0096048,18.72,0.5776
ORD0096049,16.38,0.0376
ORD0096050,15.9,0.0007
ORD0096051,16.23,0.0021
ORD0096052,20.35,0.4096
ORD0096053,17.31,0.1744
ORD0096054,8.77,0.0836
ORD0096055,8.77,0.0694
ORD0096056,11.58,0.8231
ORD0096057,11.83,0.3172
ORD0096058,22.7,0.9794
ORD0096059,21.22,0.7678
ORD0096060,11.97,0.1986
ORD0096061,12.49,0.134
ORD0096062,11.7,0.2182
ORD0096063,11.47,0.3226
ORD0096064,12.47,0.3061
ORD0096065,22.9,0.1175
ORD0096066,20.22,0.4369
ORD0096067,12.67,0.3093
ORD0096068,12.12,0.7154
ORD0096069,17.65,0.0006
ORD0096070,13.23,0.0014
ORD0096071,15.36,0.0013
ORD0096072,12.15,0.0023
ORD0096073,34.66,0.0042
ORD0096074,20.36,0.0207
ORD0096075,19.63,0.0068
ORD0096076,33.92,0.0012
ORD0096077,11.24,0.0005
ORD0096078,12.3,0.0553
ORD0096079,10.83,0.0007
ORD0096080,13.26,0.9642
ORD0096081,15.87,0.0007
ORD0096082,18.35,0.9344
ORD0096083,14.52,0.0004
ORD0096084,13.97,0.0228
ORD0096085,16.84,0.002
ORD0096086,14.52,0.0013
ORD0096087,25.04,0.0068
ORD0096088,31.3,0.5886
ORD0096089,32.93,0.1507
ORD0096090,12.5,0.0005
ORD0096091,10.66,0.0005
ORD0096092,11.81,0.0004
ORD0096093,11.72,0.0065
ORD0096094,24.82,0.0005
ORD0096095,25.1,0.0005
ORD0096096,19.36,0.0009
ORD0096097,23.12,0.9822
ORD0096098,14.49,0.0018
ORD0096099,20.58,0.001
ORD0096100,15.24,0.0009
ORD0096101,19.52,0.005
ORD0096102,26.85,0.9957
ORD0096103,76.83,0.0107
ORD0096104,60.89,0.0094
ORD0096105,47.69,0.0024
ORD0096106,71.18,0.0056
ORD0096107,28.15,0.0012
ORD0096108,62.04,0.0011
ORD0096109,15.49,0.0007
ORD0096110,14.94,0.0012
ORD0096111,12.85,0.0012
ORD0096112,12.28,0.0048
ORD0096113,25.23,0.0007
ORD0096114,19.94,0.0008
ORD0096115,12.72,0.0018
ORD0096116,17.13,0.0107
ORD0096117,25.51,0.2938
ORD0096118,23.76,0.0578
ORD0096119,20.29,0.9723
ORD0096120,30.87,0.0009
ORD0096121,16.71,0.9919
ORD0096122,17.49,0.8532
ORD0096123,13.92,0.0005
ORD0096124,18.13,0.001
ORD0096125,30.28,0.0186
ORD0096126,15.34,0.0013
ORD0096127,16.64,0.0019
ORD0096128,28.37,0.7922
ORD0096129,23.06,0.2263
ORD0096130,22.66,0.0029
ORD0096131,19.95,0.0054
ORD0096132,17.8,0.9902
ORD0096133,24.97,0.9959
ORD0096134,22.26,0.9729
ORD0096135,11.69,0.0178
ORD0096136,11.2,0.2123
ORD0096137,14.69,0.0144
ORD0096138,17.06,0.045
ORD0096139,18.55,0.1297
ORD0096140,17.44,0.3921
ORD0096141,29.49,0.0012
ORD0096142,26.86,0.0021
ORD0096143,21.08,0.7385
ORD0096144,22.47,0.8719
ORD0096145,26.02,0.0023
ORD0096146,21.84,0.0058
ORD0096147,18.66,0.0137
ORD0096148,18.39,0.0523
ORD0096149,25.63,0.0161
ORD0096150,27.88,0.0229
ORD0096151,15.23,0.2131
ORD0096152,18.3,0.2305
ORD0096153,19.95,0.0073
ORD0096154,15.05,0.0111
ORD0096155,17.39,0.7117
ORD0096156,15.44,0.7877
ORD0096157,12.6,0.0061
ORD0096158,20.35,0.7111
ORD0096159,20.68,0.0032
ORD0096160,22.27,0.2048
ORD0096161,15.29,0.1645
ORD0096162,14.07,0.0274
ORD0096163,10.87,0.0835
ORD0096164,16.23,0.7353
ORD0096165,9.06,0.0054
ORD0096166,10.02,0.1727
ORD0096167,15.02,0.0514
ORD0096168,17.05,0.7571
ORD0096169,12.51,0.3174
ORD0096170,13.71,0.0021
ORD0096171,12.87,0.0008
ORD0096172,12.88,0.0006
ORD0096173,12.35,0.0005
ORD0096174,10.87,0.0055
ORD0096175,12.38,0.0015
ORD0096176,8.76,0.0006
ORD0096177,8.98,0.0006
ORD0096178,11.92,0.0524
ORD0096179,11.49,0.0022
ORD0096180,11.87,0.6416
ORD0096181,9.75,0.0058
ORD0096182,13.97,0.9677
ORD0096183,11.81,0.0294
ORD0096184,11.1,0.0011
ORD0096185,19.51,0.0007
ORD0096186,16.87,0.0012
ORD0096187,26.67,0.0005
ORD0096188,9.9,0.0015
ORD0096189,18.09,0.0035
ORD0096190,12.51,0.002
ORD0096191,25.5,0.0014
ORD0096192,63.55,0.0064
ORD0096193,46.28,0.8694
ORD0096194,51.18,0.0013
ORD0096195,63.49,0.0015
ORD0096196,71.12,0.0015
ORD0096197,21.98,0.0013
ORD0096198,21.29,0.0012
ORD0096199,21.01,0.0043
ORD0096200,22.34,0.0043
ORD0096201,24.54,0.0492
ORD0096202,13.32,0.0004
ORD0096203,20.16,0.8649
ORD0096204,18.3,0.1232
ORD0096205,18.92,0.0008
ORD0096206,22.76,0.2239
ORD0096207,10.51,0.0155
ORD0096208,13.84,0.475
ORD0096209,11.43,0.2264
ORD0096210,29.62,0.7963
ORD0096211,20.66,0.3868
ORD0096212,15.43,0.0552
ORD0096213,14.37,0.0683
ORD0096214,13.13,0.3405
ORD0096215,13.08,0.1083
ORD0096216,14.78,0.6253
ORD0096217,12.34,0.2428
ORD0096218,29.73,0.4242
ORD0096219,15.37,0.6448
ORD0096220,11.57,0.2943
ORD0096221,19.19,0.0006
ORD0096222,15.46,0.002
ORD0096223,15.19,0.0005
ORD0096224,40.48,0.0063
ORD0096225,39.1,0.0006
ORD0096226,26.83,0.1368
ORD0096227,24.52,0.0015
ORD0096228,11.75,0.0019
ORD0096229,11.25,0.0005
ORD0096230,11.46,0.0357
ORD0096231,10.53,0.0011
ORD0096232,17.01,0.0107
ORD0096233,15.19,0.001
ORD0096234,16.27,0.0009
ORD0096235,13.8,0.0025
ORD0096236,17.6,0.0013
ORD0096237,18.16,0.0006
ORD0096238,23.52,0.0062
ORD0096239,36.06,0.1659
ORD0096240,29.51,0.0147
ORD0096241,14.53,0.0007
ORD0096242,10.4,0.0005
ORD0096243,12.37,0.0008
ORD0096244,11.29,0.0013
ORD0096245,27.43,0.0005
ORD0096246,20.59,0.0064
ORD0096247,22.72,0.9856
ORD0096248,20.85,0.0009
ORD0096249,15.75,0.0005
ORD0096250,22.06,0.1283
ORD0096251,103.82,0.0244
ORD0096252,73.6,0.004
ORD0096253,60.5,0.0014
ORD0096254,19.27,0.0018
ORD0096255,16.07,0.0714
ORD0096256,12.17,0.0013
ORD0096257,26.53,0.0011
ORD0096258,10.84,0.0126
ORD0096259,10.17,0.0036
ORD0096260,19.54,0.2298
ORD0096261,16.61,0.02
ORD0096262,26.89,0.6711
ORD0096263,35.78,0.4774
ORD0096264,26.66,0.9856
ORD0096265,39.53,0.0019
ORD0096266,42.08,0.0007
ORD0096267,16.3,0.9929
ORD0096268,16.48,0.0012
ORD0096269,17.22,0.0005
ORD0096270,32.82,0.0441
ORD0096271,19.43,0.0016
ORD0096272,36.74,0.9181
ORD0096273,22.23,0.0025
ORD0096274,21.01,0.0012
ORD0096275,19.8,0.9904
ORD0096276,12.36,0.006
ORD0096277,24.62,0.9963
ORD0096278,13.57,0.0213
ORD0096279,12.07,0.0043
ORD0096280,16.04,0.0065
ORD0096281,17.89,0.046
ORD0096282,35.29,0.0007
ORD0096283,18.91,0.3616
ORD0096284,19.66,0.0032
ORD0096285,21.75,0.0022
ORD0096286,35.05,0.0011
ORD0096287,20.82,0.0056
ORD0096288,58.32,0.0097
ORD0096289,55.31,0.0014
ORD0096290,36.68,0.9272
ORD0096291,19.46,0.9822
ORD0096292,18.18,0.0104
ORD0096293,23.26,0.7416
ORD0096294,19.71,0.9915
ORD0096295,14.44,0.2396
ORD0096296,45.98,0.0042
ORD0096297,31.87,0.0033
ORD0096298,11.33,0.005
ORD0096299,17.63,0.4261
ORD0096300,19.34,0.001
ORD0096301,21.39,0.0813
ORD0096302,17.29,0.0046
ORD0096303,16.94,0.0103
ORD0096304,11.18,0.0481
ORD0096305,17.82,0.516
ORD0096306,26.59,0.0019
ORD0096307,49.06,0.0018
ORD0096308,36.32,0.0021
ORD0096309,9.85,0.0065
ORD0096310,16.14,0.0557
ORD0096311,15.85,0.0821
ORD0096312,12.82,0.3961
ORD0096313,11.72,0.0007
ORD0096314,11.85,0.0188
ORD0096315,11.73,0.0005
ORD0096316,11.77,0.0018
ORD0096317,10.29,0.0016
ORD0096318,8.48,0.0006
ORD0096319,10.96,0.0023
ORD0096320,11.36,0.2178
ORD0096321,9.28,0.0069
ORD0096322,12.56,0.0576
ORD0096323,13.07,0.886
ORD0096324,10.44,0.0094
ORD0096325,10.93,0.002
ORD0096326,17.45,0.0021
ORD0096327,17.53,0.0007
ORD0096328,24.74,0.0011
ORD0096329,25.92,0.0006
ORD0096330,11.08,0.0344
ORD0096331,10.63,0.0017
ORD0096332,20.57,0.5476
ORD0096333,20.21,0.0097
ORD0096334,19.01,0.0027
ORD0096335,26.74,0.4114
ORD0096336,26.88,0.9789
ORD0096337,24.4,0.0075
ORD0096338,14.15,0.0011
ORD0096339,19.37,0.9945
ORD0096340,16.34,0.003
ORD0096341,18.44,0.0016
ORD0096342,21.75,0.6525
ORD0096343,18.3,0.0149
ORD0096344,9.14,0.1589
ORD0096345,16.01,0.9114
ORD0096346,23.22,0.986
ORD0096347,22.15,0.0182
ORD0096348,15.74,0.2781
ORD0096349,14.78,0.1998
ORD0096350,15.02,0.4578
ORD0096351,11.7,0.2424
ORD0096352,21.62,0.337
ORD0096353,18.15,0.1333
ORD0096354,17.17,0.5841
ORD0096355,90.18,0.142
ORD0096356,20.6,0.0104
ORD0096357,13.49,0.0064
ORD0096358,14.89,0.2274
ORD0096359,14.75,0.0444
ORD0096360,50.08,0.9641
ORD0096361,66.1,0.8247
ORD0096362,28.72,0.9925
ORD0096363,29.55,0.9904
ORD0096364,12.01,0.8444
ORD0096365,12.6,0.9955
ORD0096366,10.1,0.0059
ORD0096367,19.84,0.9924
ORD0096368,14.33,0.0054
ORD0096369,15.98,0.0036
ORD0096371,18.5,0.1203
ORD0096373,27.03,0.9507
ORD0096374,18.0,0.0013
ORD0096375,39.54,0.9915
ORD0096376,26.06,0.0053
ORD0096377,12.35,0.0019
ORD0096378,13.85,0.0022
ORD0096380,26.78,0.002
ORD0096382,25.66,0.4923
ORD0096383,18.21,0.9824
ORD0096385,18.48,0.0108
ORD0096386,14.25,0.0007
ORD0096387,22.5,0.9916
ORD0096389,13.61,0.0007
ORD0096390,11.04,0.0009
ORD0096391,10.42,0.0011
ORD0096392,20.95,0.0006
ORD0096393,20.98,0.0011
ORD0096394,11.68,0.0014
ORD0096395,12.03,0.4079
ORD0096396,17.75,0.0023
ORD0096397,16.65,0.0023
ORD0096398,21.03,0.002
ORD0096399,17.48,0.0189
ORD0096400,26.07,0.9454
ORD0096401,34.28,0.0005
ORD0096402,42.24,0.0023
ORD0096403,13.43,0.48
ORD0096404,10.53,0.0142
ORD0096405,13.04,0.0005
ORD0096406,15.35,0.0014
ORD0096407,68.22,0.0015
ORD0096408,26.67,0.3095
ORD0096409,29.75,0.9535
ORD0096410,16.4,0.0023
ORD0096411,16.44,0.0278
ORD0096412,35.35,0.9771
ORD0096413,20.15,0.0049
ORD0096414,16.96,0.995
ORD0096415,12.56,0.991
ORD0096416,21.5,0.9963
ORD0096417,24.7,0.9963
ORD0096418,9.86,0.1492
ORD0096419,11.47,0.7719
ORD0096420,14.74,0.4553
ORD0096421,19.17,0.8032
ORD0096422,30.38,0.0022
ORD0096423,26.83,0.0047
ORD0096424,20.72,0.9803
ORD0096425,22.9,0.0226
ORD0096426,18.42,0.3883
ORD0096427,18.56,0.1069
ORD0096428,24.25,0.0032
ORD0096429,31.83,0.8866
ORD0096430,16.75,0.0077
ORD0096431,18.75,0.9786
ORD0096432,17.88,0.0025
ORD0096433,16.29,0.7849
ORD0096434,14.46,0.1725
ORD0096435,11.61,0.1303
ORD0096436,11.45,0.0021
ORD0096437,20.45,0.0129
ORD0096438,22.57,0.001
ORD0096439,16.03,0.0039
ORD0096440,10.03,0.0009
ORD0096441,9.97,0.0052
ORD0096442,12.59,0.8035
ORD0096443,11.28,0.0287
ORD0096444,35.62,0.0022
ORD0096445,8.11,0.0062
ORD0096446,14.02,0.0147
ORD0096447,18.69,0.7498
ORD0096448,10.69,0.2343
ORD0096449,13.86,0.9745
ORD0096450,14.73,0.0008
ORD0096451,12.06,0.0437
ORD0096452,12.19,0.0021
ORD0096453,12.33,0.002
ORD0096454,11.47,0.0012
ORD0096455,13.2,0.8314
ORD0096456,8.2,0.0007
ORD0096457,7.97,0.0024
ORD0096458,10.6,0.0024
ORD0096459,9.81,0.005
ORD0096460,12.15,0.9807
ORD0096461,11.55,0.0519
ORD0096462,10.98,0.0038
ORD0096463,11.06,0.004
ORD0096464,17.97,0.0025
ORD0096465,25.14,0.0017
ORD0096466,10.59,0.0187
ORD0096467,13.96,0.9785
ORD0096468,20.83,0.5771
ORD0096469,17.84,0.9929
ORD0096470,20.58,0.0074
ORD0096471,21.23,0.0485
ORD0096472,20.37,0.1589
ORD0096473,24.02,0.7477
ORD0096474,25.61,0.8853
ORD0096475,26.75,0.9856
ORD0096476,15.02,0.0006
ORD0096477,12.36,0.0013
ORD0096478,24.28,0.9931
ORD0096479,24.44,0.9942
ORD0096480,16.47,0.0019
ORD0096481,17.78,0.005
ORD0096482,28.37,0.0015
ORD0096483,19.27,0.4699
ORD0096484,18.72,0.5738
ORD0096485,9.74,0.1017
ORD0096486,8.36,0.1144
ORD0096487,17.2,0.7802
ORD0096488,14.52,0.8596
ORD0096489,29.13,0.9552
ORD0096490,14.5,0.2365
ORD0096491,13.08,0.2515
ORD0096492,27.02,0.0316
ORD0096493,14.72,0.2672
ORD0096494,14.23,0.9029
ORD0096495,15.7,0.6169
ORD0096496,28.33,0.3642
ORD0096497,22.88,0.5991
ORD0096498,18.0,0.7128
ORD0096499,17.86,0.0011
ORD0096500,19.84,0.0023
ORD0096501,14.35,0.0007
ORD0096502,55.9,0.058
ORD0096503,38.93,0.0011
ORD0096504,25.34,0.9497
ORD0096505,9.34,0.0011
ORD0096506,9.2,0.0058
ORD0096507,13.84,0.0029
ORD0096508,14.07,0.0006
ORD0096509,13.12,0.0009
ORD0096510,20.82,0.0033
ORD0096511,19.02,0.0007
ORD0096512,33.74,0.0661
ORD0096513,21.58,0.1741
ORD0096514,10.74,0.0005
ORD0096515,11.17,0.0006
ORD0096516,9.56,0.0006
ORD0096517,23.44,0.0005
ORD0096518,23.95,0.0016
ORD0096519,18.17,0.0022
ORD0096520,24.1,0.9797
ORD0096521,12.66,0.0062
ORD0096522,18.57,0.9967
ORD0096523,17.3,0.0009
ORD0096524,16.7,0.0972
ORD0096525,25.79,0.9801
ORD0096526,15.67,0.0007
ORD0096527,14.37,0.0007
ORD0096528,13.73,0.0019
ORD0096529,21.16,0.0005
ORD0096530,17.16,0.0005
ORD0096531,10.34,0.0014
ORD0096532,14.56,0.0034
ORD0096533,13.58,0.0016
ORD0096534,18.7,0.0048
ORD0096535,20.51,0.0026
ORD0096536,16.64,0.0706
ORD0096537,16.13,0.0196
ORD0096538,27.61,0.0008
ORD0096539,11.31,0.7336
ORD0096540,11.88,0.2663
ORD0096541,13.97,0.0005
ORD0096542,27.75,0.004
ORD0096543,19.33,0.0053
ORD0096544,14.75,0.0008
ORD0096545,28.77,0.0656
ORD0096546,16.94,0.1924
ORD0096547,17.54,0.0012
ORD0096548,20.01,0.0036
ORD0096549,16.92,0.8995
ORD0096550,12.12,0.8767
ORD0096551,19.22,0.9915
ORD0096552,20.46,0.9897
ORD0096553,9.62,0.005
ORD0096554,21.6,0.0012
ORD0096555,23.78,0.0013
ORD0096556,15.54,0.009
ORD0096557,12.5,0.0028
ORD0096558,14.57,0.0411
ORD0096559,13.15,0.004
ORD0096560,25.73,0.0008
ORD0096561,15.98,0.2499
ORD0096562,16.12,0.0142
ORD0096563,23.34,0.0029
ORD0096564,17.64,0.0033
ORD0096565,16.69,0.0071
ORD0096566,19.12,0.1648
ORD0096567,19.98,0.0024
ORD0096568,13.77,0.4402
ORD0096569,13.48,0.0334
ORD0096570,12.7,0.0022
ORD0096571,15.24,0.8038
ORD0096572,10.96,0.0033
ORD0096573,10.86,0.0177
ORD0096574,16.21,0.0063
ORD0096575,13.16,0.4608
ORD0096576,11.84,0.421
ORD0096577,8.0,0.0011
ORD0096578,16.38,0.9307
ORD0096579,10.26,0.0012
ORD0096580,7.09,0.0048
ORD0096581,8.95,0.0769
ORD0096582,13.76,0.0388
ORD0096583,12.0,0.4921
ORD0096584,10.61,0.3121
ORD0096585,11.0,0.9465
ORD0096586,14.36,0.6963
ORD0096587,11.72,0.0021
ORD0096588,11.14,0.0008
ORD0096589,12.13,0.978
ORD0096590,9.99,0.0021
ORD0096591,7.98,0.0036
ORD0096592,7.56,0.0017
ORD0096593,12.69,0.994
ORD0096594,10.07,0.9954
ORD0096595,13.78,0.9965
ORD0096596,10.54,0.0051
ORD0096597,11.16,0.0149
ORD0096598,15.52,0.0018
ORD0096599,25.13,0.0009
ORD0096600,26.17,0.2816
ORD0096601,9.23,0.0042
ORD0096602,12.52,0.9466
ORD0096603,15.09,0.0884
ORD0096604,15.67,0.9924
ORD0096605,20.84,0.0011
ORD0096606,20.05,0.0016
ORD0096607,18.7,0.002
ORD0096608,21.58,0.0147
ORD0096609,19.89,0.0043
ORD0096610,16.24,0.0004
ORD0096611,10.66,0.0004
ORD0096612,17.1,0.7233
ORD0096613,18.44,0.0007
ORD0096614,16.04,0.0011
ORD0096615,73.39,0.0012
ORD0096616,26.77,0.0013
ORD0096617,24.37,0.949
ORD0096618,8.75,0.4993
ORD0096619,10.05,0.695
ORD0096620,14.1,0.9793
ORD0096621,23.76,0.9852
ORD0096622,16.99,0.672
ORD0096623,14.67,0.8965
ORD0096624,14.92,0.219
ORD0096625,13.19,0.774
ORD0096626,12.12,0.4928
ORD0096627,13.54,0.1545
ORD0096628,21.63,0.4662
ORD0096629,16.12,0.6555
ORD0096630,15.69,0.963
ORD0096631,42.37,0.2299
ORD0096632,20.59,0.0007
ORD0096633,14.66,0.0008
ORD0096634,16.3,0.0012
ORD0096635,42.06,0.0035
ORD0096636,39.14,0.0025
ORD0096637,21.7,0.0809
ORD0096638,22.18,0.0082
ORD0096639,8.72,0.0007
ORD0096640,8.77,0.0005
ORD0096641,8.7,0.0009
ORD0096642,8.3,0.0005
ORD0096643,12.65,0.0009
ORD0096644,12.15,0.0007
ORD0096645,15.26,0.0022
ORD0096646,18.63,0.0165
ORD0096647,24.2,0.0017
ORD0096648,27.43,0.3698
ORD0096649,9.79,0.0004
ORD0096650,10.95,0.001
ORD0096651,9.0,0.0006
ORD0096652,13.03,0.0048
ORD0096653,19.43,0.0004
ORD0096654,23.91,0.0004
ORD0096655,22.37,0.9833
ORD0096656,22.91,0.9929
ORD0096657,15.95,0.9947
ORD0096658,20.39,0.9963
ORD0096659,17.17,0.0013
ORD0096660,18.25,0.0021
ORD0096661,71.96,0.0071
ORD0096662,71.5,0.0029
ORD0096663,57.03,0.0013
ORD0096664,11.98,0.0036
ORD0096665,12.01,0.0007
ORD0096666,10.06,0.0592
ORD0096667,9.96,0.0011
ORD0096668,19.06,0.0006
ORD0096669,15.68,0.0005
ORD0096670,10.43,0.0015
ORD0096671,7.38,0.0025
ORD0096672,13.57,0.0033
ORD0096673,12.0,0.0111
ORD0096674,18.13,0.0228
ORD0096675,20.09,0.1838
ORD0096676,16.78,0.4366
ORD0096677,22.4,0.8893
ORD0096678,21.87,0.0008
ORD0096679,32.44,0.0011
ORD0096680,11.8,0.9209
ORD0096681,13.81,0.0005
ORD0096682,12.48,0.0007
ORD0096683,24.09,0.0181
ORD0096684,22.62,0.0195
ORD0096685,16.92,0.0016
ORD0096686,11.51,0.0019
ORD0096687,24.9,0.6293
ORD0096688,21.59,0.6953
ORD0096689,16.74,0.003
ORD0096690,16.97,0.0034
ORD0096691,18.28,0.9809
ORD0096692,11.23,0.976
ORD0096693,18.22,0.9939
ORD0096694,18.22,0.9908
ORD0096695,9.24,0.0173
ORD0096696,9.21,0.0314
ORD0096697,62.33,0.0012
ORD0096698,11.2,0.0314
ORD0096699,12.37,0.0034
ORD0096700,16.02,0.1829
ORD0096701,12.67,0.0061
ORD0096702,24.77,0.0026
ORD0096703,20.32,0.0021
ORD0096704,16.33,0.6727
ORD0096705,19.27,0.0064
ORD0096706,15.0,0.0454
ORD0096707,13.52,0.0033
ORD0096708,19.66,0.0064
ORD0096709,18.42,0.0036
ORD0096710,10.93,0.0164
ORD0096711,14.44,0.0077
ORD0096712,16.89,0.0032
ORD0096713,12.68,0.0033
ORD0096714,11.25,0.0955
ORD0096715,11.92,0.0448
ORD0096716,26.75,0.0016
ORD0096717,10.57,0.0108
ORD0096718,9.7,0.0043
ORD0096719,14.33,0.0043
ORD0096720,15.28,0.0021
ORD0096721,10.98,0.0028
ORD0096722,10.5,0.0011
ORD0096723,7.82,0.001
ORD0096724,7.66,0.028
ORD0096725,12.29,0.2069
ORD0096726,8.69,0.0024
ORD0096727,8.62,0.0043
ORD0096728,7.74,0.1698
ORD0096729,12.47,0.0144
ORD0096730,10.3,0.098
ORD0096731,11.98,0.6761
ORD0096732,10.45,0.0007
ORD0096733,9.82,0.0004
ORD0096734,8.35,0.0013
ORD0096735,8.76,0.0011
ORD0096736,6.21,0.0004
ORD0096737,6.16,0.0006
ORD0096738,9.61,0.0018
ORD0096739,8.55,0.0015
ORD0096740,7.18,0.0036
ORD0096741,7.7,0.0049
ORD0096742,10.03,0.0093
ORD0096743,9.51,0.0005
ORD0096744,9.04,0.0006
ORD0096745,12.22,0.0006
ORD0096746,12.12,0.0018
ORD0096747,19.01,0.0005
ORD0096748,21.65,0.0015
ORD0096749,8.03,0.0007
ORD0096750,7.95,0.013
ORD0096751,11.36,0.001
ORD0096752,18.97,0.0009
ORD0096753,17.57,0.0018
ORD0096754,15.68,0.0006
ORD0096755,18.75,0.005
ORD0096756,16.0,0.0008
ORD0096757,12.66,0.0004
ORD0096758,8.93,0.0004
ORD0096759,14.15,0.0476
ORD0096760,13.75,0.002
ORD0096761,13.75,0.0006
ORD0096762,15.01,0.3359
ORD0096763,14.38,0.2431
ORD0096764,7.68,0.0995
ORD0096765,6.73,0.0656
ORD0096766,12.18,0.6421
ORD0096767,9.36,0.4373
ORD0096768,18.73,0.9361
ORD0096769,18.9,0.8835
ORD0096770,11.12,0.1805
ORD0096771,10.65,0.176
ORD0096772,12.02,0.966
ORD0096773,12.81,0.9754
ORD0096774,20.69,0.9678
ORD0096775,18.22,0.9667
ORD0096776,15.86,0.9654
ORD0096777,10.07,0.9724
ORD0096778,14.62,0.0026
ORD0096779,15.38,0.9714
ORD0096780,12.67,0.0063
ORD0096781,44.49,0.6079
ORD0096782,21.12,0.983
ORD0096783,12.69,0.0007
ORD0096784,12.63,0.008
ORD0096785,12.35,0.0015
ORD0096786,18.25,0.0012
ORD0096787,18.47,0.568
ORD0096788,20.67,0.0009
ORD0096789,16.34,0.0164
ORD0096790,18.36,0.0006
ORD0096791,20.78,0.0009
ORD0096792,25.37,0.006
ORD0096793,36.48,0.1259
ORD0096794,31.22,0.0087
ORD0096795,11.43,0.0005
ORD0096796,12.36,0.0008
ORD0096797,25.38,0.0005
ORD0096798,23.97,0.0018
ORD0096799,23.96,0.552
ORD0096800,21.6,0.9775
ORD0096801,17.89,0.7817
ORD0096802,22.19,0.0004
ORD0096803,17.61,0.0006
ORD0096804,23.59,0.0053
ORD0096805,30.34,0.9808
ORD0096806,18.92,0.0009
ORD0096807,17.54,0.0018
ORD0096808,15.45,0.0024
ORD0096809,24.66,0.0007
ORD0096810,14.51,0.005
ORD0096811,13.6,0.0154
ORD0096812,20.62,0.0102
ORD0096813,27.13,0.3443
ORD0096814,22.52,0.0886
ORD0096815,28.43,0.4498
ORD0096816,46.27,0.0009
ORD0096817,39.89,0.0008
ORD0096818,17.6,0.9718
ORD0096819,16.65,0.9759
ORD0096820,19.47,0.0008
ORD0096821,96.77,0.0025
ORD0096822,55.59,0.4611
ORD0096823,27.69,0.0011
ORD0096824,39.25,0.0202
ORD0096825,26.9,0.0014
ORD0096826,19.29,0.0012
ORD0096827,17.14,0.0016
ORD0096828,32.53,0.8895
ORD0096829,25.37,0.0052
ORD0096830,23.98,0.0016
ORD0096831,17.99,0.9867
ORD0096832,26.52,0.9955
ORD0096833,11.89,0.0141
ORD0096834,20.9,0.0327
ORD0096835,16.25,0.1141
ORD0096836,20.62,0.4002
ORD0096837,21.15,0.5123
ORD0096838,38.31,0.0009
ORD0096839,29.55,0.0029
ORD0096840,22.47,0.8059
ORD0096841,25.82,0.9273
ORD0096842,25.61,0.0028
ORD0096843,23.38,0.0063
ORD0096844,21.95,0.0271
ORD0096845,20.87,0.1327
ORD0096846,28.05,0.0039
ORD0096847,21.57,0.0176
ORD0096848,21.58,0.0034
ORD0096849,14.92,0.2102
ORD0096850,15.13,0.0067
ORD0096851,23.2,0.003
ORD0096852,18.68,0.0011
ORD0096853,19.85,0.2998
ORD0096854,13.44,0.8681
ORD0096855,15.14,0.6448
ORD0096856,18.17,0.194
ORD0096857,15.56,0.9608
ORD0096858,13.97,0.959
ORD0096859,14.42,0.9754
ORD0096860,18.79,0.985
ORD0096861,16.14,0.9862
ORD0096862,16.1,0.9885
ORD0096863,16.65,0.0006
ORD0096864,15.36,0.0025
ORD0096865,14.61,0.0004
ORD0096866,13.68,0.0008
ORD0096867,10.57,0.0005
ORD0096868,13.16,0.0015
ORD0096869,13.29,0.015
ORD0096870,11.9,0.0041
ORD0096871,15.65,0.5205
ORD0096872,15.2,0.0182
ORD0096873,16.74,0.9502
ORD0096874,13.52,0.0005
ORD0096875,13.61,0.0013
ORD0096876,18.47,0.0006
ORD0096877,22.54,0.0797
ORD0096878,27.75,0.0005
ORD0096879,29.79,0.0082
ORD0096880,12.2,0.0011
ORD0096881,17.91,0.002
ORD0096882,19.09,0.9265
ORD0096883,43.64,0.0012
ORD0096884,130.38,0.0091
ORD0096885,26.99,0.0243
ORD0096886,26.91,0.7706
ORD0096887,33.93,0.3078
ORD0096888,28.14,0.983
ORD0096889,16.99,0.0007
ORD0096890,13.93,0.0023
ORD0096891,30.8,0.9946
ORD0096892,27.79,0.9774
ORD0096893,22.48,0.0024
ORD0096894,20.75,0.0544
ORD0096895,27.9,0.9695
ORD0096896,25.56,0.953
ORD0096897,14.78,0.8004
ORD0096898,13.44,0.9093
ORD0096899,16.33,0.9808
ORD0096900,15.44,0.9805
ORD0096901,38.44,0.9838
ORD0096902,25.35,0.9845
ORD0096903,23.2,0.9538
ORD0096904,15.35,0.2683
ORD0096905,15.85,0.2673
ORD0096906,18.91,0.5444
ORD0096907,17.02,0.3882
ORD0096908,25.38,0.8862
ORD0096909,21.87,0.26
ORD0096910,21.65,0.9597
ORD0096911,15.13,0.4645
ORD0096912,112.96,0.2053
ORD0096913,21.64,0.001
ORD0096914,18.3,0.0007
ORD0096915,18.91,0.0019
ORD0096916,20.95,0.0012
ORD0096917,52.46,0.0195
ORD0096918,28.62,0.7607
ORD0096919,31.5,0.0028
ORD0096920,33.34,0.0012
ORD0096921,12.25,0.0006
ORD0096922,13.82,0.7653
ORD0096923,11.41,0.001
ORD0096924,14.66,0.9908
ORD0096925,17.68,0.0007
ORD0096926,20.89,0.9853
ORD0096927,17.43,0.0012
ORD0096928,14.92,0.0006
ORD0096929,19.56,0.0009
ORD0096930,22.55,0.0865
ORD0096931,25.33,0.0022
ORD0096932,30.21,0.9835
ORD0096933,40.68,0.0327
ORD0096934,12.95,0.0005
ORD0096935,11.66,0.0006
ORD0096936,14.34,0.0009
ORD0096937,14.88,0.9472
ORD0096938,27.32,0.0007
ORD0096939,25.84,0.0046
ORD0096940,21.52,0.0439
ORD0096941,25.7,0.9962
ORD0096942,22.38,0.8518
ORD0096943,17.78,0.0008
ORD0096944,18.63,0.0036
ORD0096945,30.25,0.9884
ORD0096946,34.36,0.9972
ORD0096947,57.23,0.0085
ORD0096948,75.31,0.9737
ORD0096949,42.35,0.0022
ORD0096950,82.85,0.0185
ORD0096951,30.9,0.0012
ORD0096952,82.18,0.0011
ORD0096953,17.52,0.0012
ORD0096954,15.71,0.0021
ORD0096955,16.84,0.0058
ORD0096956,13.14,0.0175
ORD0096957,26.54,0.0005
ORD0096958,24.59,0.0008
ORD0096959,13.52,0.0006
ORD0096960,21.19,0.0468
ORD0096961,30.62,0.0008
ORD0096962,26.93,0.3491
ORD0096963,22.62,0.0015
ORD0096964,44.97,0.0004
ORD0096965,12.73,0.7091
ORD0096966,16.64,0.9701
ORD0096967,20.73,0.0009
ORD0096968,18.42,0.0012
ORD0096969,43.47,0.9798
ORD0096970,21.03,0.1434
ORD0096971,17.96,0.0919
ORD0096972,50.7,0.9937
ORD0096973,39.9,0.9929
ORD0096974,28.71,0.9911
ORD0096975,28.93,0.9291
ORD0096976,23.15,0.9949
ORD0096977,26.93,0.9965
ORD0096978,29.68,0.9956
ORD0096979,16.0,0.949
ORD0096980,15.33,0.9924
ORD0096981,17.72,0.4726
ORD0096982,17.13,0.0051
ORD0096983,22.07,0.8754
ORD0096984,17.73,0.0354
ORD0096985,40.54,0.0026
ORD0096986,31.38,0.0007
ORD0096987,25.5,0.9836
ORD0096988,19.68,0.2393
ORD0096989,29.33,0.0102
ORD0096990,32.24,0.0016
ORD0096991,25.63,0.3125
ORD0096992,20.26,0.0059
ORD0096993,28.61,0.0035
ORD0096994,34.46,0.0018
ORD0096995,18.32,0.0099
ORD0096996,21.43,0.0041
ORD0096997,23.13,0.0036
ORD0096998,16.11,0.0011
ORD0096999,15.73,0.0673
ORD0097000,13.12,0.0298
ORD0097001,13.16,0.0118
ORD0097002,14.22,0.0102
ORD0097003,22.58,0.0038
ORD0097004,22.87,0.0038
ORD0097005,17.17,0.2614
ORD0097006,16.93,0.0012
ORD0097007,14.31,0.1777
ORD0097008,19.2,0.8441
ORD0097009,11.52,0.0031
ORD0097010,9.78,0.1262
ORD0097011,14.91,0.0062
ORD0097012,19.09,0.5874
ORD0097013,12.34,0.0924
ORD0097014,15.54,0.0005
ORD0097015,13.32,0.0013
ORD0097016,13.34,0.0004
ORD0097017,13.78,0.0009
ORD0097018,12.4,0.0004
ORD0097019,12.49,0.0032
ORD0097020,9.51,0.0004
ORD0097021,9.78,0.0008
ORD0097022,11.84,0.0005
ORD0097023,12.85,0.027
ORD0097024,10.5,0.0008
ORD0097025,13.15,0.4142
ORD0097026,13.1,0.0013
ORD0097027,12.18,0.0004
ORD0097028,12.75,0.0005
ORD0097029,17.26,0.0007
ORD0097030,20.33,0.2694
ORD0097031,27.94,0.0005
ORD0097032,12.02,0.001
ORD0097033,15.22,0.0012
ORD0097034,17.82,0.9683
ORD0097035,27.98,0.0016
ORD0097036,73.02,0.0023
ORD0097037,44.31,0.1809
ORD0097038,43.06,0.0013
ORD0097039,70.22,0.0014
ORD0097040,26.92,0.0016
ORD0097041,23.36,0.0048
ORD0097042,22.35,0.0268
ORD0097043,24.4,0.2303
ORD0097044,29.63,0.6939
ORD0097045,20.27,0.0005
ORD0097046,25.95,0.985
ORD0097047,22.02,0.9692
ORD0097048,18.51,0.0009
ORD0097049,27.1,0.9729
ORD0097050,14.86,0.7778
ORD0097051,17.49,0.9822
ORD0097052,15.06,0.8851
ORD0097053,29.48,0.9872
ORD0097054,28.55,0.9733
ORD0097055,21.43,0.9508
ORD0097056,16.37,0.3719
ORD0097057,18.09,0.2827
ORD0097058,14.69,0.2284
ORD0097059,18.07,0.5821
ORD0097060,15.84,0.7249
ORD0097061,28.35,0.4951
ORD0097062,18.64,0.7449
ORD0097063,13.78,0.3651
ORD0097064,24.45,0.001
ORD0097065,22.22,0.0026
ORD0097066,18.87,0.0005
ORD0097067,62.86,0.0382
ORD0097068,41.72,0.0006
ORD0097069,33.18,0.929
ORD0097070,25.19,0.0022
ORD0097071,12.68,0.0035
ORD0097072,11.97,0.0041
ORD0097073,12.76,0.2141
ORD0097074,12.22,0.4382
ORD0097075,18.77,0.0397
ORD0097076,16.58,0.062
ORD0097077,17.73,0.0005
ORD0097078,20.13,0.9941
ORD0097079,22.32,0.0017
ORD0097080,25.92,0.911
ORD0097081,32.73,0.0974
ORD0097082,37.74,0.0031
ORD0097083,38.89,0.9955
ORD0097084,17.37,0.0016
ORD0097085,12.86,0.002
ORD0097086,15.06,0.0005
ORD0097087,14.69,0.9893
ORD0097088,30.51,0.0043
ORD0097089,33.16,0.9746
ORD0097090,23.59,0.992
ORD0097091,32.31,0.0006
ORD0097092,21.95,0.0992
ORD0097093,36.03,0.9967
ORD0097094,68.39,0.0072
ORD0097095,76.23,0.001
ORD0097096,21.71,0.0027
ORD0097097,15.06,0.0676
ORD0097098,14.86,0.0005
ORD0097099,30.63,0.0008
ORD0097100,14.61,0.0005
ORD0097101,13.61,0.0109
ORD0097102,24.31,0.5362
ORD0097103,19.6,0.3639
ORD0097104,36.73,0.9744
ORD0097105,34.7,0.9573
ORD0097106,24.45,0.0006
ORD0097107,37.76,0.0005
ORD0097108,54.34,0.0011
ORD0097109,15.8,0.0012
ORD0097110,18.22,0.0015
ORD0097111,17.78,0.0007
ORD0097112,113.25,0.0011
ORD0097113,38.47,0.1807
ORD0097114,21.01,0.002
ORD0097115,36.06,0.9681
ORD0097116,26.66,0.0049
ORD0097117,25.34,0.0013
ORD0097118,26.12,0.9945
ORD0097119,12.2,0.0078
ORD0097120,28.11,0.9963
ORD0097121,12.21,0.1147
ORD0097122,13.47,0.005
ORD0097123,19.75,0.8338
ORD0097124,23.13,0.9805
ORD0097125,36.87,0.0029
ORD0097126,27.58,0.9906
ORD0097127,21.49,0.4619
ORD0097128,36.73,0.0296
ORD0097129,29.68,0.2526
ORD0097130,26.56,0.7661
ORD0097131,77.61,0.5178
ORD0097132,62.0,0.0014
ORD0097133,40.04,0.4704
ORD0097134,21.16,0.8816
ORD0097135,20.7,0.1876
ORD0097136,23.35,0.1117
ORD0097137,25.88,0.9813
ORD0097138,19.83,0.654
ORD0097139,51.74,0.0016
ORD0097140,14.06,0.2294
ORD0097141,14.69,0.0095
ORD0097142,25.17,0.0144
ORD0097143,23.15,0.003
ORD0097144,25.16,0.0043
ORD0097145,21.03,0.0009
ORD0097146,17.44,0.9172
ORD0097147,19.85,0.8803
ORD0097148,26.39,0.0019
ORD0097149,55.56,0.0019
ORD0097150,11.74,0.0021
ORD0097151,15.56,0.0044
ORD0097152,16.82,0.018
ORD0097153,12.8,0.0322
ORD0097154,13.71,0.0011
ORD0097155,13.01,0.0006
ORD0097156,13.0,0.0008
ORD0097157,13.14,0.0004
ORD0097158,12.56,0.0033
ORD0097159,9.36,0.001
ORD0097160,12.05,0.0783
ORD0097161,11.76,0.0007
ORD0097162,13.32,0.7432
ORD0097163,15.31,0.9731
ORD0097164,11.62,0.0018
ORD0097165,11.64,0.0008
ORD0097166,11.83,0.0004
ORD0097167,19.38,0.0039
ORD0097168,19.52,0.0011
ORD0097169,31.69,0.0017
ORD0097170,35.73,0.0009
ORD0097171,15.09,0.1389
ORD0097172,13.64,0.0044
ORD0097173,24.05,0.9094
ORD0097174,23.15,0.0031
ORD0097175,22.77,0.0029
ORD0097176,27.44,0.085
ORD0097177,31.2,0.9276
ORD0097178,24.64,0.0611
ORD0097179,15.2,0.0007
ORD0097180,26.18,0.9876
ORD0097181,19.91,0.0018
ORD0097182,21.22,0.002
ORD0097183,20.69,0.3079
ORD0097184,22.67,0.0112
ORD0097185,10.75,0.0751
ORD0097186,20.1,0.7435
ORD0097187,28.13,0.9772
ORD0097188,18.4,0.0171
ORD0097189,17.55,0.1892
ORD0097190,17.09,0.3981
ORD0097191,16.72,0.7317
ORD0097192,15.42,0.8778
ORD0097193,30.58,0.8846
ORD0097194,25.22,0.5266
ORD0097195,20.9,0.954
ORD0097196,20.81,0.0006
ORD0097197,18.48,0.0006
ORD0097198,18.73,0.0013
ORD0097199,18.38,0.0014
ORD0097200,52.0,0.0062
ORD0097201,42.36,0.0048
ORD0097202,29.51,0.6149
ORD0097203,27.16,0.1116
ORD0097204,10.5,0.0608
ORD0097205,12.85,0.9729
ORD0097206,11.19,0.816
ORD0097207,17.28,0.9177
ORD0097208,15.34,0.4818
ORD0097209,13.82,0.0006
ORD0097210,13.77,0.4499
ORD0097211,15.96,0.0019
ORD0097212,14.42,0.0006
ORD0097213,28.92,0.0221
ORD0097214,23.73,0.0034
ORD0097215,35.71,0.7811
ORD0097216,32.75,0.0181
ORD0097217,11.48,0.0005
ORD0097218,9.68,0.0007
ORD0097219,10.74,0.001
ORD0097220,24.76,0.0005
ORD0097221,21.02,0.1565
ORD0097222,18.25,0.0018
ORD0097223,14.84,0.0138
ORD0097224,14.11,0.8267
ORD0097225,20.99,0.001
ORD0097226,13.6,0.0005
ORD0097227,20.41,0.5017
ORD0097228,29.25,0.9924
ORD0097229,14.71,0.0007
ORD0097230,14.0,0.0011
ORD0097231,11.79,0.0019
ORD0097232,21.47,0.0005
ORD0097233,22.45,0.0006
ORD0097234,11.9,0.0021
ORD0097235,9.7,0.0048
ORD0097236,18.66,0.0012
ORD0097237,14.03,0.0272
ORD0097238,23.28,0.0073
ORD0097239,18.29,0.0026
ORD0097240,25.31,0.0007
ORD0097241,27.08,0.0005
ORD0097242,44.07,0.0005
ORD0097243,12.49,0.0198
ORD0097244,11.98,0.0014
ORD0097245,16.9,0.0005
ORD0097246,17.6,0.001
ORD0097247,83.95,0.0014
ORD0097248,67.28,0.0015
ORD0097249,27.26,0.057
ORD0097250,24.91,0.0031
ORD0097251,19.46,0.0016
ORD0097252,15.94,0.001
ORD0097253,35.43,0.8137
ORD0097254,18.53,0.0033
ORD0097255,20.85,0.9918
ORD0097256,10.9,0.1473
ORD0097257,21.08,0.9964
ORD0097258,25.09,0.8651
ORD0097259,9.62,0.0258
ORD0097260,10.46,0.0028
ORD0097261,16.64,0.5482
ORD0097262,22.11,0.9226
ORD0097263,36.28,0.0022
ORD0097264,25.48,0.1201
ORD0097265,23.62,0.986
ORD0097266,29.93,0.0199
ORD0097267,21.83,0.5124
ORD0097268,19.62,0.8809
ORD0097269,26.12,0.5365
ORD0097270,28.66,0.7646
ORD0097271,19.79,0.8532
ORD0097272,21.57,0.9664
ORD0097273,16.05,0.1034
ORD0097274,15.12,0.4677
ORD0097275,16.55,0.9761
ORD0097276,11.98,0.0156
ORD0097277,13.34,0.002
ORD0097278,17.63,0.005
ORD0097279,21.89,0.0008
ORD0097280,14.32,0.0033
ORD0097281,10.36,0.0008
ORD0097282,9.48,0.0051
ORD0097283,15.98,0.627
ORD0097284,13.03,0.0363
ORD0097285,38.14,0.0023
ORD0097286,11.03,0.0029
ORD0097287,15.54,0.0125
ORD0097288,13.2,0.0194
ORD0097289,11.14,0.1862
ORD0097290,12.37,0.26
ORD0097291,12.89,0.0024
ORD0097292,13.26,0.6402
ORD0097293,11.71,0.0005
ORD0097294,12.19,0.0021
ORD0097295,11.0,0.0062
ORD0097296,14.25,0.9751
ORD0097297,8.21,0.0009
ORD0097298,8.49,0.0066
ORD0097299,10.85,0.2241
ORD0097300,12.28,0.9009
ORD0097301,11.95,0.992
ORD0097302,13.85,0.9871
ORD0097303,11.35,0.0016
ORD0097304,11.37,0.0425
ORD0097305,16.3,0.0011
ORD0097306,24.03,0.0006
ORD0097307,11.32,0.0027
ORD0097308,10.22,0.0005
ORD0097309,15.33,0.005
ORD0097310,14.62,0.0005
ORD0097311,21.14,0.0038
ORD0097312,22.49,0.007
ORD0097313,20.59,0.0271
ORD0097314,21.79,0.2837
ORD0097315,22.99,0.6001
ORD0097316,23.75,0.9338
ORD0097317,12.4,0.0006
ORD0097318,11.6,0.001
ORD0097319,20.9,0.9889
ORD0097320,25.33,0.9915
ORD0097321,15.75,0.0017
ORD0097322,17.62,0.0023
ORD0097323,28.86,0.0014
ORD0097324,23.57,0.9633
ORD0097325,22.37,0.9643
ORD0097326,12.42,0.3408
ORD0097327,8.58,0.4653
ORD0097328,17.25,0.9797
ORD0097329,15.24,0.9805
ORD0097330,27.89,0.9885
ORD0097331,19.76,0.7253
ORD0097332,17.81,0.7124
ORD0097333,30.85,0.1001
ORD0097334,15.92,0.938
ORD0097335,17.4,0.9598
ORD0097336,14.92,0.9508
ORD0097337,26.68,0.9506
ORD0097338,22.57,0.952
ORD0097339,21.05,0.9321
ORD0097340,21.0,0.069
ORD0097341,19.53,0.7396
ORD0097342,20.05,0.0009
ORD0097343,60.45,0.9885
ORD0097344,34.18,0.0021
ORD0097345,27.85,0.9961
